filename,extension,size,category
Anaconda3-2024.10-1-Windows-x86_64 (1).exe,.exe,996695888,Executables
apache-jmeter-5.6.3.zip,.zip,90631635,Compressed/Archives
arduino-ide_2.3.6_Windows_64bit.exe,.exe,157497056,Executables
Chatbot Use case diagram [classic] _ Creately.html,.html,49396,Code Files
concentrativechartreuse_36x36.pptx,.pptx,665218,Presentations
"DALLÂ·E 2025-03-11 10.17.49 - A stylish and elegant logo for 'LadyHaven,' a women's fashion brand. The logo features a chic silhouette of a fashionable woman, combined with a hange.webp",.webp,286472,Images
DeskRest_n.exe,.exe,6227712,Executables
desktop.ini,.ini,282,System/Config
drive-download-20250507T070346Z-1-001.zip,.zip,262287,Compressed/Archives
Git-2.49.0-64-bit.exe,.exe,70287136,Executables
HP_LaserJet_P1505_7.zip,.zip,3234590,Compressed/Archives
photos-20250311T054215Z-001.zip,.zip,260,Compressed/Archives
Postman-win64-Setup.exe,.exe,144177272,Executables
python-3.10.0-amd64.exe,.exe,28315928,Executables
python-3.11.4-amd64.exe,.exe,25426160,Executables
python-3.13.7-amd64.exe,.exe,28808040,Executables
VSCodeUserSetup-x64-1.104.0.exe,.exe,115037928,Executables
Wireshark-4.4.5-x64.exe,.exe,87299296,Executables
report_draft_0.ogg,ogg,43750264,Audio
backup_media_1.7z,7z,32296226,Compressed/Archives
MUSIC_PROD_2.wav,wav,8156356,Audio
Photo_test_3.zip,zip,5543001,Compressed/Archives
BACKUP_PROD_4.odp,odp,38138750,Presentations
report_test_5.cfg,cfg,7886038,System/Config
Setup_temp_6.odp,odp,42648511,Presentations
Assignment_01_7.rtf,rtf,47015547,Documents
SAMPLE_TEST_8.rar,rar,23837984,Compressed/Archives
USER_ARCHIVE_9.php,php,30629565,Code Files
Project_test_10.bmp,bmp,27339111,Images
BACKUP_01_11.sqlite,sqlite,37246385,Database Files
user_v1_12.bat,bat,32984960,Executables
DATFILE_13,bak,36948973,Unknown/No Extension
photo_test_14.pdf,pdf,5374041,Documents
backup_2023_15.rtf,rtf,13589794,Documents
datafile_16,,39678856,Unknown/No Extension
ASIGNMENT_LOG_17.wav,wav,32834394,Audio
sample_temp_18.wmv,wmv,42251476,Video
BACKUP_202_19.mp4,mp4,1032149,Video
Untitled_20,,13044872,Unknown/No Extension
work_media_21_old.md,md,115553,Documents
Work_copy_22.sql,sql,35695267,Database Files
FILE_23,,5932642,Images
project_draft_24.yml,yml,35453031,System/Config
SETUP_COPY_25.docx,docx,20391719,Audio
Report_draft_26.ppt,ppt,28415192,Presentations
video_temp_27-.key,key,9489595,Presentations
REPORT_FINAL_28.csv,csv,47966732,Spreadsheets
assignment_prod_29.bin,bin,47721454,Executables
assignment_final_30.rtf,rtf,4232064,Documents
SAMPLE_PROD_31.wmv,wmv,25774105,Video
config_draft_32.doc,doc,110210,Documents
holiday_log_33.sqlite,sqlite,48343325,Database Files
Datafile_34,zzz,115726,Unknown/No Extension
Holiday_log_35.key,key,21995322,Presentations
photo_media_36.aac,aac,19520053,Audio
work_test_37.sys,sys,5196511,System/Config
setup_media_38.ppt,ppt,48461432,Presentations
setup_2023_39.pptx,pptx,2626762,Presentations
project_prod_40.txt,txt,1546266,Documents
SETUP_PROD_41_new.bz2,bz2,25733762,Compressed/Archives
PROJECT_V1_42.apk,apk,3936379,Executables
Holiday_v1_43.accdb,accdb,2241979,Database Files
work_01_44.flac,flac,45955408,Audio
HOLIDAY_BACKUP_45.bat,bat,38651920,Executables
REPORT_MEDIA_46.ppt,ppt,5934252,Presentations
Video_v1_47.txt,txt,28566202,Documents
Sample_temp_48.db3,db3,36748002,Database Files
assignment_temp_49_new.sql,sql,47779574,Database Files
music_test_50.db3,db3,40960222,Database Files
user_01_51.yml,yml,13798861,System/Config
video_prod_52.csv,csv,32498942,Spreadsheets
WORK_PROD_53.rtf,rtf,48813769,Documents
sample_01_54.ppt,ppt,4362200,Presentations
photo_raft_55~.aac,aac,48804267,Audio
project_2023_56.xlsx,xlsx,20774511,Spreadsheets
REPORT_FINAL_57.log,log,49093242,System/Config
Notes_media_58.bat,bat,9159949,Executables
SAMPLE_FINAL_59.apk,apk,43948597,Executables
music_media_60.php,php,3838721,Code Files
phoo_log_61.avi,avi,43570440,Video
MUSIC_MEDIA_62.ppt,ppt,32573403,Presentations
WORK_BACKUP_63.7z,7z,39003403,Compressed/Archives
assignment_archive_64.key,key,44639498,Presentations
Music_archive_65.zip,zip,1514170,Compressed/Archives
music_copy_66.exe,exe,5632084,Executables
backup_test_67.wmv,wmv,43315975,Video
report_media_68.tar,tar,17710391,Compressed/Archives
SETUP_MEDIA_69.gz,gz,33937258,Compressed/Archives
Work_archive_70.xls,xls,20850452,Spreadsheets
video_copy_71.sql,sql,48870229,Database Files
BACKUP_PROD_72.py,py,10024194,Database Files
Newfile_73,,13361804,Unknown/No Extension
untitled_74,,36042178,Unknown/No Extension
USER_MEDIA_75.odt,odt,7105264,Documents
photo_2023_76.mp3,mp3,24948068,Audio
WORKDRAFT_77.css,css,49602924,Code Files
SAMPLE_TEMP_78.bz2,bz2,8466,Compressed/Archives
Holiday_log_79.py,py,26129677,Code Files
WORK_COPY_80.avi,avi,11750399,Video
setup_202381.mp3,mp3,767290,Audio
photo_final_82.odp,odp,31862570,Presentations
NEWFILE83,zzz,29451481,Unknown/No Extension
SAMPLE_FINAL_84_new.pdf,pdf,40858203,Documents
randomfile_85,tmp,33501788,Unknown/No Extension
user_prod_86.ppt,ppt,43965302,Presentations
sample_copy_87.pptx,pptx,31512811,Presentations
assignment_archive_88.txt,txt,14892999,Documents
Setup_v1_89.pptx,pptx,11919877,Presentations
sample_archive_90.conf,conf,16636430,System/Config
sample_copy_91.yml,yml,6733675,System/Config
untitled_92,bak,1060507,Unknown/No Extension
nots_draft_93.ogg,ogg,24989753,Audio
SETUP_V1_94.xlsx,xlsx,2984337,Spreadsheets
Newfile_95,,32920161,Unknown/No Extension
PROJECT_V1_96.ods,ods,32766066,Spreadsheets
PHOTO_DRAFT_97.db3,db3,13614162,Database Files
config_draft_98.apk,apk,46822257,Executables
config_test_99.accdb,accdb,22839527,Database Files
config_copy_100.xls,xls,48952492,Spreadsheets
SAMPLE_TEST_101.ogg,ogg,44077728,Audio
user_2023_102.yml,yml,26638409,System/Config
ASSIGNMENT_BACKUP_103~.doc,doc,26166672,Documents
work_draft_104.sqlite,sqlite,3512500,Database Files
Backup_prod_105.docx,docx,23266931,Documents
work_draft_106.ini,ini,31141022,System/Config
CONFIG_BACKUP_107-.accdb,accdb,41639359,Database Files
photo_test_108.xlsx,xlsx,31263262,Spreadsheets
BACKUP_TEST_109.exe,exe,16834714,Executables
newfile_110,,24815821,Unknown/No Extension
untitled_111,abc,40496154,Unknown/No Extension
holiday_2023_112.zip,zip,44386487,Compressed/Archives
SETUP_TEST_113.toml,toml,21722593,System/Config
Sample_archive_114~.bmp,bmp,34005904,Images
work_copy_115.gif,gif,44929969,Images
photo_media_116.aac,aac,36145884,Audio
temfile_117,abc,10850101,Unknown/No Extension
config_media_118.app,app,46953919,Executables
config_final_119-.mov,mov,12866168,Video
user_media_120.mdb,mdb,26548981,Database Files
newfile_121,,24872004,Unknown/No Extension
Setup_temp_122.bmp,bmp,45415698,Images
BACKUP_V1_123.jpeg,jpeg,46983297,Images
backup_log_24.pptx,pptx,45936941,Presentations
tempfile_125,,46694245,Unknown/No Extension
randomfile_126,,3739282,Unknown/No Extension
Sample_backup_127.cs,cs,17892321,Documents
CONFIG_BACKUP_128.java,java,49267325,Code Files
video_archive_129~.flac,flac,11977738,Audio
holiday_test_130.wmv,wmv,1939651,Video
setup_backup_131.xlsx,xlsx,31551543,Spreadsheets
notes_log_132.mkv,mkv,40934881,Video
report_v1_133.avi,avi,18331952,Video
holiday_2023_134.flac,flac,11646883,Audio
WORK_V1_135.mp3,mp3,10743623,Audio
user_01_136.mp4,mp4,15876265,Video
untitled_137,,19245529,Unknown/No Extension
WORK_TEMP_138.key,key,45215073,Presentations
holiday_01_139.zip,zip,41615955,Compressed/Archives
backup_log_140.docx,docx,9452157,Documents
project_archive_141-.bat,bat,15154101,Database Files
NOTES_FINAL_142.gif,gif,454634,Images
notes_prod_143.db,db,9962276,Audio
Config_draft_144.key,key,7101157,Presentations
REPORT_DRAFT_145.msi,msi,46458255,Executables
config_log_146.pdf,pdf,44599507,Documents
sample_mdia_147.odp,odp,26761446,Presentations
Assignment_2023_148.ods,ods,43670196,Spreadsheets
USER_FINAL_149.sys,sys,19127511,System/Config
User_v1_150.db3,db3,22360864,Database Files
work_test_151.php,php,1129610,Code Files
BACKUP_DRAFT_152.tiff,tiff,11972796,Images
CONFIG_01_153.go,go,37778176,Code Files
BACKUP_01_154.rtf,rtf,4759476,Compressed/Archives
backup_backup_155~.flac,flac,41131379,Audio
newfile_156,,38150006,Unknown/No Extension
report_log_157.pptx,pptx,26016394,Presentations
work_draft_158.txt,txt,40503203,Documents
backup_backup_159.csv,csv,44217089,Spreadsheets
BACKUP_DRAFT_160.png,png,4316542,Images
photo_test_161.docx,docx,21169339,Documents
Notes_media_162.pptx,pptx,28663151,Presentations
report_draft_163.avi,avi,28986565,Video
MUSIC_ARCHIVE_164.db3,db3,46150810,Database Files
USER_PROD_165.ini,ini,28351611,System/Config
work_copy_166.db3,db3,20569701,Database Files
untitled_167,xyz,4444316,Unknown/No Extension
Tempfile_168,tmp,37597719,Unknown/No Extension
SETUP_FINAL_169.svg,svg,49797168,Documents
SETUP_DRAFT_170~.gif,gif,6831742,Images
report_archive_171_old.msi,msi,45523022,Database Files
Untitled_172,zzz,27541189,Unknown/No Extension
music_01_173.doc,doc,17801203,Documents
SAMPLE_LOG_174.msi,msi,43608462,Executables
backup_media_175.wmv,wmv,44402951,Video
video_v1_176.ods,ods,22386276,Spreadsheets
Video_archive177.7z,7z,16468205,Compressed/Archives
tempfile_178,,7488380,Unknown/No Extension
SETUP_V1_179.txt,txt,38536268,Documents
project_backup_180_old.csv,csv,17721019,Spreadsheets
PHOTO_01_181.mkv,mkv,10231265,Audio
Video_log_182.odp,odp,47753849,Presentations
video_emp_183_old.csv,csv,23306009,Spreadsheets
CONFIG_ARCHIVE_184.toml,toml,15056288,System/Config
work_archive_185.zip,zip,2187634,Compressed/Archives
config_v1_186.db,db,35209645,Database Files
setup_test_187.sqlite,sqlite,34289402,Database Files
Project_log_188~.ppt,ppt,20351390,Presentations
notes_copy_189.mkv,mkv,8738606,Video
music_v1_190.pptx,pptx,38184886,Presentations
user_copy_191.docx,docx,35979894,Documents
ASSIGNMENT_2023_192.msi,msi,41236345,Executables
config_backup_193.sys,sys,13014702,System/Config
MUSIC_DRAFT_194.xlsx,xlsx,25248216,Spreadsheets
video_final_195.msi,msi,35572943,Executables
video_2023_196.mkv,mkv,35538664,Video
Work_temp_197.ods,ods,44262357,Spreadsheets
photo_archive_198.gz,gz,42795101,Compressed/Archives
user_media_199.tar,tar,34297845,Compressed/Archives
WORK_ARCHIVE_200.aac,aac,9372227,Audio
music_2023_201.exe,exe,38444832,Executables
project_01_202.sqlite,sqlite,45189600,Database Files
notes_log_203.sql,sql,18123580,Database Files
datafile_204,,12945107,Unknown/No Extension
video_draft_205.accdb,accdb,18182878,Database Files
PROJECT_BACKUP_206.ppt,ppt,36187164,Presentations
sample_2023_207.png,png,48896379,Images
NEWFIL_208,,42490844,Unknown/No Extension
backup_backup_209.zip,zip,22647520,Compressed/Archives
project_media_210_old.gz,gz,5255866,Compressed/Archives
notes_01_211~.log,log,17905586,System/Config
backup_prod_212.go,go,34159650,Code Files
SETUP_2023_213.odt,odt,5121512,Documents
ASSIGNMENT_ARCHIVE_214.ini,ini,12798583,System/Config
report_media_215.rar,rar,35589907,Compressed/Archives
Sample_backup_216.db,db,37987869,Database Files
setup_draft_217.zip,zip,48767508,Compressed/Archives
music_draft_218.py,py,24854643,Code Files
Backup_archive_219.sql,sql,42537848,Database Files
photo_archive_220.ods,ods,12205432,Spreadsheets
sample_v1_221.xls,xls,44779502,Spreadsheets
BACKUP_TEMP_222.wav,wav,3501168,Audio
Setup_draft_223.bz2,bz2,26083161,Compressed/Archives
Tepfile_224,,11388465,Unknown/No Extension
Setup_2023_225~.pdf,pdf,17504284,Documents
Setup_backup_226.pdf,pdf,47506511,Documents
setup_media_227.yml,yml,1146800,System/Config
Sample_v1_228.aac,aac,44673704,Audio
setup_final_229.mp4,mp4,49638872,Video
setup_draft_230.mp4,mp4,11566702,Video
HOLIDAY_01_231.odp,odp,45006505,Presentations
notes_prod_232-.ods,ods,15793550,Spreadsheets
HOLIDAY_TEMP_233.sql,sql,33122349,Database Files
MUSIC_01_234.html,html,12845782,Code Files
ASSIGNMENT_PROD_235.sqlite,sqlite,17320151,Database Files
SETUP_TEST_236_old.sqlite,sqlite,33404505,Database Files
NOTES_TEST_237.bz2,bz2,24513189,Compressed/Archives
HOLIDAY_TEST_238.pptx,pptx,40132473,Presentations
CONFIG_COPY_239.app,app,9274655,Executables
user_log_240.accdb,accdb,47002783,Database Files
PROJECT_BACKUP_241.rtf,rtf,24711183,Documents
Setup_draft_242.mp4,mp4,11560254,Video
user_01_243.html,html,22153494,Video
PHOTO_2023_244.conf,conf,41939594,System/Config
UNTITLED_245,tmp,5394522,Unknown/No Extension
Sampledraft_246.html,html,9856051,Code Files
TEMPFILE_247,,31057720,Unknown/No Extension
Untitled_248,zzz,29635621,Unknown/No Extension
backup_2023_249.yml,yml,29253691,System/Config
report_prod_250.txt,txt,10453882,Documents
PHOTO_PROD_251.mdb,mdb,13336671,Database Files
REPORT_2023_252.sh,sh,10530076,Executables
SAMPLE_TEMP_253.svg,svg,24455357,Images
NOTES_COPY_254.db3,db3,18739374,Database Files
sample_backup_255.apk,apk,49245302,Executables
Work_copy_256.jpg,jpg,34693348,Images
VIDEO_TEMP_257.ppt,ppt,23138811,Presentations
sample_final_258.sh,sh,11156247,Executables
setup_v1_259.doc,doc,31562868,Documents
notes_copy_260.ts,ts,39896951,Code Files
VIDEO_FINAL_261.bin,bin,44110401,Executables
backup_2023_262.pptx,pptx,20172090,Presentations
photo01_263.png,png,43999214,Images
MUSIC_V1_264.ogg,ogg,119388,Audio
BACKUP_ARCHIVE_265.flac,flac,4419427,Audio
DATAFILE_266,,31540427,Unknown/No Extension
Backup_01_267.pdf,pdf,48843266,Documents
Setup_v1_268.cs,cs,34233380,Code Files
backup_log_29.xml,xml,40138342,System/Config
Holiday_log_270.svg,svg,36012567,Images
Project_final_271.rtf,rtf,8603517,Documents
PHOTO_V1_272.xlsx,xlsx,6216316,Spreadsheets
NEWFILE_273,,42783834,Unknown/No Extension
VIDEO_FINAL_274.pptx,pptx,11508325,Presentations
PHOTO_01_275.pptx,pptx,4572409,Presentations
newfile_276,abc,29474971,Unknown/No Extension
VIDEO_01_277-.sh,sh,5173315,Executables
MUSIC_DRAFT_278.sqlite,sqlite,32233908,Database Files
project_log_279.db,db,31009019,Database Files
REPORT_DRAFT_280.json,json,41301018,System/Config
User_v1_281.mkv,mkv,45058121,Video
UNTITLED_282,,26002492,Unknown/No Extension
setup_copy_23.go,go,46213882,Code Files
sample_v1_284.ods,ods,27335151,Spreadsheets
project_prod_285.sqlite,sqlite,8722076,Database Files
sample_01_286.xls,xls,1040051,Spreadsheets
Untitled_287,tmp,41635019,Unknown/No Extension
USER_TEMP_288_new.odt,odt,14265786,Documents
photo_2023_289.wmv,wmv,24630500,Video
config_archive_290.pptx,pptx,44456939,Presentations
photo_archive_291.rar,rar,17413870,Compressed/Archives
sample_log_292.wav,wav,10772767,Audio
user_archive_293.conf,conf,44648991,System/Config
UNTITLED_294,,25972774,Unknown/No Extension
VIDEO_LOG_295.bmp,bmp,8949180,Images
sample_temp_296.txt,txt,29989714,Documents
Tempfile_297,bak,36319176,Unknown/No Extension
notes_01_298.mp3,mp3,3723311,Audio
HOLIDAY_MEDA_299.gif,gif,14177427,Images
photo_fial_300.mp3,mp3,11937010,Audio
user_v1_301.jpeg,jpeg,33256393,Images
notes_archive_302.apk,apk,27502613,Executables
Report_log_303.apk,apk,22280838,Executables
project_copy_304.gz,gz,6340730,Compressed/Archives
PROJECT_ARCHIVE_305.odp,odp,7242006,Presentations
Holiday_prod_306.wmv,wmv,20251033,Code Files
holiday_draft_307.sql,sql,44824807,Spreadsheets
Report_log_308.yml,yml,3737871,System/Config
MUSIC_BACKUP_309.xlsx,xlsx,19883961,Spreadsheets
CONFIG_2023_310.png,png,14601861,Images
holiday_test_311.ods,ods,20598712,Spreadsheets
config_media_312-.png,png,6504655,Images
WORK_TEMP_313.tar,tar,22111173,Compressed/Archives
Photo_prod_314.gif,gif,22538997,Images
config_copy_315.sh,sh,46667043,Executables
config_archive_316.gif,gif,43177733,Images
untitled_317,zzz,4593112,Unknown/No Extension
Setup_final_318.rar,rar,1856591,Compressed/Archives
sample_final_319.mov,mov,41156589,Video
WORK_BACKUP_320.mp3,mp3,46992353,Audio
randomfile_321,abc,20847309,Unknown/No Extension
holiday_2023_322_old.bin,bin,34119071,Executables
music_media_323.apk,apk,12651137,Executables
video_media_324.jpg,jpg,41170702,Images
PROJECT_LO_325.exe,exe,43717375,Executables
assignment_2023_326.accdb,accdb,47334923,Database Files
music_prod_327.db,db,9661102,Database Files
Setup_cpy_328.7z,7z,44780840,Compressed/Archives
untitled_329,,11785784,Unknown/No Extension
music_temp_330.db3,db3,8936550,Database Files
Work_log_331.pptx,pptx,9356056,Presentations
Notes_backup_332.xlsx,xlsx,47846382,Spreadsheets
MUSIC_MEDIA_333.mdb,mdb,38839807,Database Files
Work_v1_334.tar,tar,38014459,Compressed/Archives
report_final_335.mp3,mp3,49367118,Audio
holiay_copy_336.doc,doc,3007669,Documents
PHOTO_MEDIA_337.odp,odp,24833722,Presentations
OTES_01_338.go,go,29713660,Code Files
VIDEO_BACKUP_339~.bin,bin,42149101,Executables
SETUP_DRAFT_340.ppt,ppt,31712889,Presentations
project_final_341.pdf,pdf,18501767,Documents
Setup_temp_342.cfg,cfg,46226865,System/Config
SAMPLE_PROD_343.gif,gif,27468803,Images
work_01_344.sys,sys,42441352,System/Config
Work_copy_345~.jpeg,jpeg,26105692,Images
Report_temp_346.png,png,7295705,Images
sample_draft_347.cfg,cfg,18453124,System/Config
SETUP_MEDIA_348.xls,xls,17862731,Spreadsheets
PROJECT_1_349~.ods,ods,8920606,Spreadsheets
sample_01_350.php,php,15698870,Code Files
randomfile_351,zzz,39051178,Unknown/No Extension
report_01_352.mp4,mp4,44560999,Video
notes_test_353.flac,flac,31882827,Audio
sample_prod_354.key,key,47197213,Presentations
ASSIGNMENT_2023_355.odt,odt,9479939,Documents
project_test_356.csv,csv,20058981,Code Files
PHOTO_V1_357.7z,7z,37512245,Compressed/Archives
ASSIGNMENT_TEMP_358.svg,svg,6705724,Images
Project_2023_359.wav,wav,5593638,Audio
WORK_LOG_360.go,go,37157791,Code Files
User_test_361.wmv,wmv,32905213,Video
Music_backup_362.png,png,1193291,Images
CONFIG_FINAL_363.jpg,jpg,6473466,Images
video_draft_364.xls,xls,34192358,Spreadsheets
setup_prod_365.webp,webp,38710721,Code Files
Music_temp_366.aac,aac,17293228,Audio
Setup_log_367.ogg,ogg,26259569,Audio
work_prod_368.mov,mov,14488232,Executables
untitled_369,tmp,25441874,Unknown/No Extension
USER_TEST_370.wmv,wmv,4781990,Video
Report_prod_371.db3,db3,6609313,Database Files
User_v1_32.css,css,10986825,Code Files
Holiday_log_373.key,key,37337050,Presentations
assignment_temp_374.bz2,bz2,34238734,System/Config
holiday_archive_375.tiff,tiff,28902146,Images
tempfile_376,,49503376,Unknown/No Extension
HOLDAY_DRAFT_377.svg,svg,9349028,Images
setup_archive_378.wav,wav,20429708,Audio
report_archive_379.ppt,ppt,6120119,Presentations
backup_final_380.svg,svg,35080716,Images
NEWFILE_381,bak,19379574,Unknown/No Extension
Newfile_382,,31045135,Unknown/No Extension
holiday_final_383.ogg,ogg,19354093,Audio
Project_backup_384.db3,db3,26016463,Database Files
randomfile_35,,20473001,Unknown/No Extension
ASSIGNMENT_ARCHIVE_386.xml,xml,32665227,System/Config
CONFIG_V1_387.rtf,rtf,43380755,Documents
CONFIG_TEMP_388.txt,txt,27167460,Documents
NOTES_TEMP_389_new.bat,bat,33965170,Executables
PROJECT_ARCHVE_390_old.avi,avi,23917382,Video
ASSIGNMENT_DRAFT_391.exe,exe,38703192,Executables
photo_tem_392.sql,sql,43460824,Database Files
notes_01_393.sys,sys,35185172,System/Config
holiday_archive_394.7z,7z,43254119,Compressed/Archives
SETUP_BACKUP_395.odt,odt,28734611,Documents
holiday_v1_396.yml,yml,44202138,System/Config
datafile_397,,42230383,Unknown/No Extension
WORK_01_398.webp,webp,38346185,Images
User_test_399_old.pdf,pdf,14230295,Documents
tempfile_400,,39200323,Unknown/No Extension
notes_01_401.db3,db3,28702837,Database Files
config_log_402.jpeg,jpeg,14025740,Images
MUSIC_DRAT_403.ts,ts,1516121,Code Files
datafile_404,xyz,3105164,Unknown/No Extension
REPORT_01_405.app,app,35673693,Executables
PHOTO_LO_406.key,key,46616117,Presentations
Video_01_407.db3,db3,24558880,Database Files
ASSIGNMENT_BACKUP_408.yaml,yaml,10754098,System/Config
datafile_409,,29850851,Unknown/No Extension
Sample_copy_410.ods,ods,48913105,Spreadsheets
Report_2023_411.json,json,44820310,System/Config
Setup_archive_412.pptx,pptx,39426945,Presentations
vido_archive_413.accdb,accdb,31947543,Database Files
vido_backup_414_new.bz2,bz2,2445166,Compressed/Archives
datafile_415,xyz,20654140,Unknown/No Extension
CONFIG_LOG_416.aac,aac,6391111,Audio
SETUP_V1_417.gz,gz,35076431,Compressed/Archives
PHOTO_LOG_418.cfg,cfg,2396082,System/Config
photo_copy_419.tar,tar,40104846,Compressed/Archives
ASSIGNMENT_TEST_420.tar,tar,40004362,Compressed/Archives
MUSIC_2023_421.mdb,mdb,49761477,Database Files
Project_2023_422.gif,gif,24406367,Images
setup_v1_423.bin,bin,48331598,Executables
Randomfile_424,abc,43449203,Unknown/No Extension
Video_01_425.sys,sys,46559473,System/Config
Assignment_log_426.jpg,jpg,45403659,Images
VIDEO_01_427_new.key,key,31516925,Presentations
VIDEO_BACKUP_428-.webp,webp,42384901,Images
BACKUP_ARCHIVE_429.sys,sys,34864019,System/Config
Sample_v1_430-.key,key,2996279,Presentations
Tempfile_431,,18480754,Unknown/No Extension
randomfile_432,,1072963,Unknown/No Extension
HOLIDAY_DRAFT_433.mp4,mp4,26641649,Video
newfile_434,,19184289,Unknown/No Extension
Report_draft_435.tar,tar,41298653,Compressed/Archives
backup_copy_436.bz2,bz2,47259025,Compressed/Archives
REPORT_ARCHIVE_437.ods,ods,27936921,Spreadsheets
User_log_438.mkv,mkv,38260173,Video
music_backup_439.ini,ini,48593619,System/Config
holiday_media_440_new.zip,zip,7263321,Compressed/Archives
CONFIG_2023_441-.json,json,9126077,System/Config
bacup_01_442.flac,flac,18885552,Audio
newfile_443,,41731458,Unknown/No Extension
Photo_2023_444.yaml,yaml,47932062,Documents
user_archive_445.ods,ods,32399971,Spreadsheets
BACKUP_ARCHIVE_446.bat,bat,4454563,Executables
NOTES_COPY_447.ppt,ppt,43125558,Presentations
USER_01_448.php,php,13043269,Code Files
MUSIC_DRAFT_449.db3,db3,14170055,Database Files
Photo_archve_450.aac,aac,40626713,Audio
user_test_451.json,json,48686479,System/Config
USER_LOG_452.pptx,pptx,35577926,Presentations
Music_test_453.yaml,yaml,42165478,Documents
SAMPLE_01_454.wmv,wmv,43447994,Video
photo_archive_455.7z,7z,36203246,Compressed/Archives
photo_draft_456.bz2,bz2,32074351,Compressed/Archives
ASSIGNMENT_V1_457.odp,odp,22279953,Presentations
Project_draft_458.avi,avi,47031285,Video
user_test_459.sys,sys,30700730,System/Config
backup_archive_460.db,db,11525580,Database Files
report_v1_461.sql,sql,6261128,Database Files
CONFIG_PROD_462.tar,tar,20127587,Compressed/Archives
SAMPLE_01_463.sys,sys,9678644,System/Config
PHOTO_DRAFT_464.webp,webp,3653156,Images
untitld_465,,4795060,Unknown/No Extension
video_temp_466.xls,xls,43019144,Spreadsheets
untitled_467,,9096285,Unknown/No Extension
backup_final_468.xml,xml,24390709,System/Config
notes_log_469.ts,ts,8823552,Code Files
Report_copy_470-.xml,xml,41229090,System/Config
music_final_471.pptx,pptx,38059521,Presentations
SETUP_COPY_472.mdb,mdb,30180535,Database Files
assignment_v1_473.xml,xml,12691320,System/Config
Music_draft_474.jpg,jpg,20446047,Images
PHOTO_TEST_475.xlsx,xlsx,2471922,Spreadsheets
DATAFILE_476,,16990094,Unknown/No Extension
MUSIC_2023_477.odp,odp,11259238,Presentations
sample_v1_478~.bat,bat,2254379,Executables
music_temp_479.bat,bat,33008957,Executables
project_copy_480.wmv,wmv,2649582,Video
BACKUP_MEDIA_481.csv,csv,29775969,Spreadsheets
photo_backup_482.rar,rar,37165181,Compressed/Archives
REPORT_TEMP_483.db3,db3,19092608,Database Files
backup_archive_484.ogg,ogg,3963748,Audio
VIDEO_PROD_485.md,md,47851906,Documents
REPORT_FINAL_486.wmv,wmv,21379499,Video
VIDEO_MEDIA_487.key,key,30002699,Presentations
HOLIDAY_FINAL_488.odp,odp,4140793,Presentations
Tempfile_489,,22891520,Unknown/No Extension
Assignment_media_490.xlsx,xlsx,39553764,Spreadsheets
untitled_491,xyz,32897245,Unknown/No Extension
samle_backup_492_old.tiff,tiff,14894372,Images
User_temp_493.pdf,pdf,46789782,Documents
user_backup_494.aac,aac,21442645,Audio
BACKUPV1_495.odp,odp,32904129,Presentations
VIDEO_COPY_496.png,png,43786587,Images
newfile_497,,36057338,Unknown/No Extension
backup_media_498.webp,webp,13808863,Images
TEMPFILE_49,,333392,Unknown/No Extension
holiday_final_500.msi,msi,32126418,Executables
photo_test_501.apk,apk,7080953,Executables
ASSINMENT_COPY_502.yml,yml,35866441,System/Config
PHOTO_01_503.ods,ods,301417,Spreadsheets
datafile_504,,28186834,Unknown/No Extension
setup_log_505.txt,txt,45054691,Documents
notes_v1_506.apk,apk,9951530,Executables
Setup_backup_507.avi,avi,5676528,Video
tempfile_508,,27426232,Unknown/No Extension
sample_copy_509.mp4,mp4,21880404,Video
Notes_01_510.key,key,16835049,Presentations
config_draft_511.mp3,mp3,21354953,Audio
PROJECT_BACKUP_512_old.mov,mov,34978923,Video
assignment_copy_513.docx,docx,49727316,Documents
SETUP_ARCHIVE_514.webp,webp,5365857,Images
datafile_515,tmp,21325283,Unknown/No Extension
assignment_2023516.mov,mov,15922033,Video
REPORT_BACKUP_517.ppt,ppt,28219413,Presentations
Work_v1_518.gz,gz,20665313,Compressed/Archives
work_01_519.mov,mov,15485893,Video
Holiday_archive_520.cfg,cfg,260038,System/Config
Project_v1_521.gz,gz,19316227,Compressed/Archives
Backup_223_522.sh,sh,24835572,Executables
assignment_test_523.xml,xml,32014362,System/Config
USER_COPY_524.wav,wav,13142599,Audio
SAMPLE_COPY_525.html,html,5563150,Code Files
TEMPFILE_526,,41600259,Unknown/No Extension
assignment_test_527.sh,sh,23382777,Executables
Video_prod_528.cs,cs,12499746,Code Files
holiday_test_529.flac,flac,46684796,Audio
ASSIGNMENT_2023_530.zip,zip,7951456,Compressed/Archives
work_v1_531.xls,xls,5352471,Spreadsheets
newfile_532,bak,28002418,Unknown/No Extension
photo_prod_533.db,db,2392202,Database Files
holiday_media_534.xls,xls,39384401,Spreadsheets
datafile_535,,7229940,Unknown/No Extension
Video_temp_536.msi,msi,30077434,Executables
config_2023_537.sqlite,sqlite,7145796,Database Files
DATAFILE_538,,43748716,Unknown/No Extension
MUSIC_LOG_539.sqlite,sqlite,404213,Database Files
Backup_archive_540_old.ogg,ogg,24106060,Audio
Video_prod_541.key,key,16714745,Presentations
music_draft_542.key,key,46385530,Presentations
NOTS_COPY_543.rtf,rtf,21843394,Documents
VIDEO_01_544.mkv,mkv,35619425,Video
photo_v1_545.sql,sql,7728918,Database Files
ASSIGNMENT_COP_546.odt,odt,40937562,Documents
SETUP_BACKUP_547.odp,odp,3716135,Presentations
config_log_548.log,log,6838879,System/Config
REPORT_FIAL_549.rar,rar,34454718,Compressed/Archives
photo_temp_550.avi,avi,40736335,Video
assignment_prod_551.sql,sql,22615270,Database Files
WORK_PROD_552.flac,flac,9396283,Audio
Project_backup_553.json,json,32014618,System/Config
video_log_554.sys,sys,25252545,System/Config
Video_prod_555.yaml,yaml,42149687,System/Config
work_prod_556.csv,csv,16932220,Spreadsheets
PHOTO_01_557.yml,yml,5937063,System/Config
SAMPLE_TEMP_558.tiff,tiff,22228498,Images
photo_final_559~.ini,ini,40818111,System/Config
holiday_test_560.wmv,wmv,3211755,Video
RANDOMFILE_561,abc,18103035,Unknown/No Extension
datafile_562,,7350099,Unknown/No Extension
music_archive_563_new.ppt,ppt,12320101,Presentations
work_test_564.wmv,wmv,28041292,Video
setup_media_565-.db,db,22835374,Database Files
DATAFILE_566,,16795898,Unknown/No Extension
project_archive_567.rar,rar,31235065,Compressed/Archives
Project_prod_568.go,go,20297785,Code Files
MUSIC_V1_569.wmv,wmv,33460045,Video
video_draft_570.swift,swift,2936036,Code Files
HOLIDAY_BACKUP_571.cpp,cpp,40858444,Code Files
NOTES_01_572.zip,zip,30915112,Compressed/Archives
music_final_573.wmv,wmv,2587735,Video
SETUP_PROD_574.csv,csv,40995228,Spreadsheets
Sample_archive_575.docx,docx,19738262,Documents
USER_FINAL_76.pdf,pdf,26493145,Documents
config_2023_577.odp,odp,28012009,Presentations
Sample_01_578.tiff,tiff,29141933,Images
work_final_579.accdb,accdb,13556602,Database Files
sample_draft_580~.c,c,30730741,Code Files
CONFIG_01_581.7z,7z,38299238,Compressed/Archives
photo_backup_582.app,app,44752807,Executables
sample_final_583.ods,ods,2859570,Spreadsheets
video_01_584.ppt,ppt,35117585,Presentations
WORK_FNAL_585.bat,bat,22000968,Executables
music_temp_586.webp,webp,42313501,Images
HOLIDAY_TEST_587.css,css,8605997,Code Files
Report_backup_588.c,c,25181898,Code Files
project_v1_589.accdb,accdb,43945305,Database Files
REPORT_TEST_590.mov,mov,29415385,Video
PROJECT_ARCHIVE_591.swift,swift,44798097,Code Files
DATAFILE_592,xyz,1919919,Unknown/No Extension
video_media_593.mkv,mkv,21250290,Video
datafile_594,,30433264,Unknown/No Extension
Holiday_temp_595_new.rar,rar,44719467,Compressed/Archives
report_test_596.txt,txt,27299382,Documents
SETUP_TEST_597.css,css,31662707,Code Files
Config_backup_598.msi,msi,8641112,Executables
PHOTO_TEST_599.odp,odp,26532613,Presentations
work_cpy_600.sqlite,sqlite,28576095,Database Files
project_archive_601.pptx,pptx,16926598,Presentations
music_archve_602.pdf,pdf,43430813,Documents
NOTES_01_63.sh,sh,17119272,Executables
work_temp_604.aac,aac,12171566,Audio
Video_log_605.sql,sql,43976445,Database Files
User_temp_606.ppt,ppt,440174,Presentations
RANDOMFILE_607,,11229211,Unknown/No Extension
assignment_log_608.sql,sql,43810068,Database Files
Notes_draft_609.ppt,ppt,48677135,Presentations
BACKUP_V1_610.xlsx,xlsx,19368574,Spreadsheets
Video_backup_611.sql,sql,19413491,Spreadsheets
notes_01_612.pptx,pptx,25131020,Video
ASSIGNMENT_FINAL_613.jpeg,jpeg,49107776,Images
Assignment_test_614.flac,flac,1281062,Audio
setup_archive_615.toml,toml,29164854,System/Config
Photo_2023_616.zip,zip,16753283,Compressed/Archives
notes_temp_617.sql,sql,4954899,Database Files
PROJECT_2023_618.doc,doc,47751365,Documents
VIDEO_LOG_619.html,html,11075270,Code Files
video_copy_620.csv,csv,28591301,Spreadsheets
project_temp_621_old.wav,wav,3336406,Audio
NEWFILE_622,,1516574,Unknown/No Extension
backup_draft_623.tar,tar,38635120,Compressed/Archives
video_2023_624.odt,odt,40259666,Documents
backup_log_625.toml,toml,8315558,System/Config
Video_test_626.wav,wav,13701544,Audio
Config_test_627.rtf,rtf,573211,Documents
Photo_test_628.webp,webp,38255427,Images
project_01_629.mdb,mdb,31095965,Database Files
setup_2023_630.mkv,mkv,7885091,Video
Backup_prod_631.avi,avi,4238057,Video
VIDEO_TEMP_632.yaml,yaml,14390760,Spreadsheets
Untitled_633,zzz,14582978,Unknown/No Extension
NOTES_PROD_634.key,key,14201887,Presentations
USER_BACKUP_635.wav,wav,18649403,Audio
setup_archive_636.xml,xml,15444143,System/Config
assignment_temp_637.tar,tar,43711563,Compressed/Archives
user_archive_638.ogg,ogg,3426105,Audio
Video_log_639.pptx,pptx,24750334,Presentations
USER_ARCHIVE_640.wav,wav,4401457,Audio
video_final_641.aac,aac,12022221,Audio
NOTES_TEMP_642.swift,swift,23306101,Code Files
WORK_01_643.pptx,pptx,22960321,Presentations
randomfile_644,,49371622,Unknown/No Extension
USER_2023_645.tar,tar,37166653,Compressed/Archives
newfile_646,zzz,36755860,Unknown/No Extension
photo_2023_647.mp4,mp4,14822991,Video
holiday_test_648.json,json,19516402,System/Config
REPORT_MEDI_649.pptx,pptx,48031924,Presentations
backup_01_650.apk,apk,37496839,Executables
config_backup_651.gz,gz,49857990,Compressed/Archives
Holiday_final_652.ppt,ppt,13774345,Presentations
RANDOMFILE_653,zzz,49415579,Unknown/No Extension
USER_BACKUP_654.accdb,accdb,43380927,Database Files
HOLIDAY_ARCHIVE_655.jpeg,jpeg,40834273,Images
REPORT_2023_656.zip,zip,32049163,Compressed/Archives
user_backup_657.wav,wav,31285039,Audio
video_v1_658.mov,mov,48685220,Video
VIDEO_LOG_659.sqlite,sqlite,23670460,Database Files
FILE_660,,48477071,Video
Sample_223_661.yml,yml,43230932,System/Config
project_backup_662.mov,mov,40243679,Video
config_media_663.webp,webp,30236082,Images
NEWFILE_664,bak,15806419,Unknown/No Extension
Notes_media_665.ods,ods,15037112,Spreadsheets
VIDEO_TEMP_666.key,key,31878410,Presentations
USER_01_667.csv,csv,1739317,Spreadsheets
BACUP_COPY_668.xlsx,xlsx,40499369,Spreadsheets
Work_copy_669.webp,webp,5536818,Images
User_bakup_670.wav,wav,30012820,Audio
video_draft_671.sqlite,sqlite,30855657,Database Files
SAMPLE_COPY_672.mp4,mp4,30272567,Video
holida_01_673.key,key,41392322,Presentations
Music_2023_674.db,db,15732687,Database Files
holiday_prod_675.apk,apk,24866565,Executables
datafile_676,,28802189,Unknown/No Extension
DATAFILE_677,tmp,43241875,Unknown/No Extension
setup_v1_678.gz,gz,36146634,Compressed/Archives
WORK_FINAL_679.sqlite,sqlite,25402648,Database Files
Report_log_680.bat,bat,47428951,Executables
ASSIGNMENT_BACKUP_681.key,key,45747390,Presentations
user_temp_682.tiff,tiff,13376598,Images
proect_temp_683~.doc,doc,41904564,Documents
Config_draft_684.csv,csv,11035085,Spreadsheets
WORK_ARCHIVE_685_new.docx,docx,47429023,Documents
work_draft_686.xlsx,xlsx,22487712,Spreadsheets
work_v1_687.ppt,ppt,41328678,Presentations
USER_COPY_688.txt,txt,37624278,Documents
UNTITLED_689,tmp,9806231,Unknown/No Extension
backup_test_690.key,key,27943275,Presentations
user_log_691.yaml,yaml,40433894,System/Config
Report_prod_692.sql,sql,46434460,Database Files
User_v1_693.odp,odp,34243553,Presentations
work_01_694.sql,sql,14892054,Database Files
MUSIC_TEMP_695.gif,gif,5451501,Images
Holiday_2023_696.gif,gif,19162015,Images
work_v1_697.key,key,42148509,Presentations
notes_draft_698.xls,xls,31650551,Spreadsheets
MUSIC_2023_699.accdb,accdb,10433957,Database Files
SETUP_ARCHIVE_700_new.db3,db3,32035701,Database Files
Work_archive_701.sql,sql,31495660,Database Files
RANDOMFILE_702,,26957330,Unknown/No Extension
video_prod_703.bmp,bmp,23348960,Images
user_log_704.gz,gz,36558617,Compressed/Archives
report_01_705.xlsx,xlsx,47728849,Spreadsheets
BACKUP_FINAL_706.php,php,11332641,Code Files
PHOTO_MEDIA_707_old.flac,flac,49749561,Audio
user_01_708.jpeg,jpeg,20769978,Images
newfile_709,xyz,28063740,Unknown/No Extension
TEMPFILE_710,abc,5867548,Unknown/No Extension
Setup_prod_711.gz,gz,46338199,Compressed/Archives
SETUP_COPY_712.aac,aac,15251756,Audio
video_draft_713.flac,flac,26824055,Audio
config_draft_714.mov,mov,23068877,Video
holiday_backup_715.tar,tar,14756239,Compressed/Archives
Video_log_716.svg,svg,41468397,Images
project_v1_717-.mp3,mp3,40237730,Audio
BACKUP_DRAFT_718.ppt,ppt,9768981,Presentations
photo_v1_719.webp,webp,41667092,Images
User_2023_720.apk,apk,28404559,Executables
assignmenttemp_721.odp,odp,42710519,Presentations
user_temp_722.jpeg,jpeg,3811119,Images
video_01_723_new.md,md,29841953,Documents
SAMPLE_ARCHIVE_724.odt,odt,40078357,Documents
backup_backup_725-.rtf,rtf,29248732,Documents
WORK_DRAFT_726.ogg,ogg,4382256,Audio
work_2023_727.xls,xls,42252170,Spreadsheets
HOLIDAY_2023_78.yaml,yaml,36865431,System/Config
Photo_archive_729.yaml,yaml,38888914,System/Config
Music_achive_730.key,key,42151140,Presentations
Notes_log_731.rtf,rtf,37855541,Documents
notes_prod_732.odt,odt,33453747,Documents
Holiday_temp_733.pptx,pptx,4918741,Presentations
CONFIG_V1_734.sh,sh,30509410,Executables
BACKUP_V1_735.sql,sql,3919020,Database Files
MUSIC_LOG_736.xlsx,xlsx,4498374,Spreadsheets
work_2023_737.txt,txt,19880202,Documents
Sample_archive_738.mov,mov,12009568,Video
User_backup_739_old.flac,flac,49483050,Audio
user_media_740.sql,sql,31688442,Database Files
NEWFILE_741,,28130000,Unknown/No Extension
holiday_final_742.rtf,rtf,32279370,Documents
holiday_copy_743.json,json,1146082,System/Config
Config_media_744.cfg,cfg,19869404,System/Config
untitled_745~,,16428926,Unknown/No Extension
report_test_746.jpg,jpg,45171552,Images
User_test_747.aac,aac,24615214,Audio
holiday_copy_748.odt,odt,48214476,Documents
Config_01_749.db,db,10470593,Database Files
NEWFILE_750,bak,10674251,Unknown/No Extension
music_01_751.key,key,24492995,Presentations
work_log_752.xlsx,xlsx,12548315,Spreadsheets
MUSIC_2023753.odt,odt,43869626,Documents
Report_2023_754.app,app,36394351,Executables
ASSIGNMENT_DRAFT_755.aac,aac,3105634,Audio
notes_drft_756.svg,svg,21283428,Images
config_01_757_new.rb,rb,15483835,Code Files
music_2023_758~.mov,mov,21510972,Video
project_copy_759.mkv,mkv,45604229,Video
Wor_v1_760.png,png,4365938,Images
newfile_761,,40138100,Unknown/No Extension
Backup_v1_762.flac,flac,41185773,Audio
backup_copy_763-.ods,ods,35721729,Spreadsheets
config_final_764.doc,doc,5395290,Documents
setup_final_765~.csv,csv,20038905,Spreadsheets
sample_2023_766.mov,mov,15991839,Video
setup_backup_767.gif,gif,37093474,Images
REPORT_TEST_768.ogg,ogg,6887534,Audio
ASSIGNMENT_V1_769.ods,ods,29091972,Spreadsheets
untitled_770,abc,49351995,Unknown/No Extension
backup_v1_771.wmv,wmv,42781755,Video
MUSIC_MEDIA_772.wav,wav,35821699,Audio
config_final_773.gif,gif,31411943,Images
sample_final_774.gif,gif,47537373,Images
untitled_775,,9660908,Unknown/No Extension
sample_archive_776.ini,ini,34951420,System/Config
work_backup_777.json,json,39795084,System/Config
video_temp_778~.avi,avi,21919075,Video
holiday_media_779.sh,sh,38763179,Executables
Notes_media_780.apk,apk,757263,Executables
VIDEO_DRAFT_781.jpg,jpg,3188069,Images
report_01_782~.xlsx,xlsx,4969654,Spreadsheets
Backup_2023_783.wav,wav,23850563,Executables
Config_copy_74.ppt,ppt,14859361,Presentations
Sample_archiv_785~.jpg,jpg,28102096,Images
user_archive_786.xml,xml,41851070,System/Config
backup_copy_787.docx,docx,3112791,Unknown/No Extension
Music_test_788.zip,zip,27434338,Compressed/Archives
USER_2023_789.c,c,13199040,Code Files
Bckup_temp_790.zip,zip,37586458,Compressed/Archives
NOTES_FINAL_791.ppt,ppt,27620097,Presentations
tempfile_792,bak,32224970,Unknown/No Extension
PROJECT_01_793.py,py,9789080,Code Files
Video_test_794.db,db,31201910,Database Files
UNTITLED_795,,7089309,Unknown/No Extension
Config_meia_796.gif,gif,42447875,Images
Holiday_01_797.toml,toml,31763876,System/Config
VIDO_ARCHIVE_798.mp4,mp4,28938054,Video
Music_v1_799_new.rtf,rtf,34660559,Documents
Holiday_archive_800_old.yaml,yaml,9940856,System/Config
CONFIG_DRAFT_801.mov,mov,46500758,Video
rport_log_802.swift,swift,37016553,Code Files
project_final_803.css,css,14345543,Code Files
User_test_804.7z,7z,25867416,Compressed/Archives
Sample_bakup_805.pdf,pdf,27469549,Documents
PHOTO_FINAL_806.db,db,40090984,Database Files
music_v1_807.pptx,pptx,18584250,Presentations
NOTES_PROD_808.c,c,15744167,Code Files
User_media_809.xls,xls,18272155,Spreadsheets
work_log_810.sh,sh,1829514,Executables
Photo_media_811.mp3,mp3,2079404,Audio
video_test_812.tar,tar,46733893,Compressed/Archives
Work_temp_813.tiff,tiff,8485085,Presentations
NOTES_LOG_814.odt,odt,13993008,Documents
backup_backup_815.sh,sh,27538551,Executables
Video_log_816~.csv,csv,2394140,Spreadsheets
setup_archive_817.mp3,mp3,47789441,Audio
notes_test_818~.toml,toml,31098169,System/Config
sample_temp_819.svg,svg,28450964,Images
REPORT_TEST_820_old.jpg,jpg,15959685,Images
SAMPLE_MEDIA_821.jpeg,jpeg,46664407,Images
music_01_822.md,md,1275546,Documents
ASSIGNMENT_FINAL_823.sh,sh,22640964,Executables
assignment_2023_824.ods,ods,24680407,Spreadsheets
music_v1_825.odt,odt,3445983,Documents
Video_log_826.msi,msi,32363346,Executables
report_final_827.php,php,4726276,Code Files
backup_log_828.bat,bat,20528285,Executables
photo_copy_829.xlsx,xlsx,33353839,Spreadsheets
Project_backup_830-.pdf,pdf,9225162,Documents
Newfile_831,tmp,3090555,Unknown/No Extension
DATAFILE_832,,17304154,Unknown/No Extension
HOLIDAY_2023_833.jpg,jpg,27679048,Images
holiday_log_834.mkv,mkv,10633569,Video
SETUP_2023_835.rtf,rtf,1188299,Documents
backup_v1_836~.rar,rar,3478635,Compressed/Archives
music_temp_837.cs,cs,31379555,Code Files
PROJECT_ARCHIVE_838.exe,exe,23082073,Executables
Work_prod_839.svg,svg,6789476,Images
Assignment_copy_840.yaml,yaml,42282058,System/Config
project_2023_841.pptx,pptx,18552510,Presentations
Fil_842,,34362450,Presentations
Holiday_backup_843.wmv,wmv,36957221,Video
Notes_draft_844.ogg,ogg,36264335,Audio
Holiday_01_845.jpeg,jpeg,46622588,Images
Photo_2023_846.tar,tar,48126551,Compressed/Archives
holiday_prod_847.mkv,mkv,27192031,Video
ASSIGNMENT_MEDIA_848_old.csv,csv,16025096,Spreadsheets
CONFIG_2023_849.conf,conf,45517216,System/Config
Untitled_850,,31689658,Unknown/No Extension
USER_TEST_851.avi,avi,33781661,Video
Tempfile_852,,2013446,Unknown/No Extension
photo_copy_853.avi,avi,14518064,Video
RANDOMFILE_854,tmp,20896433,Unknown/No Extension
config_prod_855~.pdf,pdf,47654202,Documents
Config_01_856.png,png,32525204,Images
ASSIGNMEN_TEST_857.yaml,yaml,23279725,System/Config
Work_test_858.flac,flac,13212311,Audio
sample_log_859.mdb,mdb,27133416,Unknown/No Extension
Tempfie_860,,37736751,Unknown/No Extension
notes_01_861.ogg,ogg,25496083,Audio
Music_final_862.ods,ods,35442881,Spreadsheets
Holiday_archive_863~.odp,odp,19394894,Presentations
Backup_archive_864.apk,apk,39600299,Executables
project_log_865.ogg,ogg,9193582,Database Files
Video_test_866.rar,rar,21980281,Compressed/Archives
BACKUP_ARCHIVE_867.bat,bat,11370365,Executables
Sample_archive_868.ini,ini,28925356,System/Config
notes_draft_869.tar,tar,10311359,Compressed/Archives
Report_final_870.svg,svg,33922699,Images
Config_2023_871.md,md,17575757,Documents
music_temp_872.sql,sql,29175203,Database Files
sample_archive_873.java,java,25330331,Code Files
sample_media_874~.xlsx,xlsx,15883786,Spreadsheets
Project_prod_875.mov,mov,4732962,Video
PHOTO_LOG_876.apk,apk,48935624,Executables
User_final_877.md,md,49197469,Documents
Notes_archiv_878.pdf,pdf,3918269,Documents
TEMPFILE_879,,12178904,Unknown/No Extension
backup_temp_880.py,py,2279417,Code Files
MUSIC_MEDIA_881.wmv,wmv,36845041,Video
SAMPLE_ARCHIVE_882.accdb,accdb,41120578,Database Files
BACKUP_ARCHIVE_883~.png,png,46031091,Images
Holiday_v1_884-.mov,mov,48350024,Video
REPORT_FINAL_885.ppt,ppt,47881056,Presentations
notes_test_886.avi,avi,25688846,Video
notes_media_887.sql,sql,36211677,Database Files
report_01_888.wmv,wmv,4514880,Video
setup_backup_889.cpp,cpp,34505619,Code Files
holiday_v1_890.wmv,wmv,6534413,Video
randomfile_891_old,,8087296,Unknown/No Extension
project_backup_892.xlsx,xlsx,44597869,Spreadsheets
PROJECT_FINAL_893.avi,avi,41208815,Video
PHOTO_01_894.rtf,rtf,47013026,Documents
Datafile_895,,4125544,Unknown/No Extension
tempfile_896,,24307496,Unknown/No Extension
User_prod_897.jpg,jpg,27085623,Images
REPORT_ARCHIVE_898.flac,flac,8816094,Audio
HOLIDAY_COPY_899.bat,bat,42102943,Executables
sample_media_900.tiff,tiff,2097590,Images
Holiday_2023_901.ods,ods,49399727,Spreadsheets
Music_draft_902.py,py,8142801,Code Files
newfile_903,,12952972,Unknown/No Extension
config_test_904.xls,xls,26353350,Spreadsheets
photo_archive_905.pptx,pptx,44862655,Presentations
randomfile_906,zzz,37509445,Unknown/No Extension
VIDEO_01_907.msi,msi,20228656,Executables
REPORT_DRAFT_908.avi,avi,7948629,Video
tempfile_909,zzz,1730737,Unknown/No Extension
DATAFILE_910,abc,3525916,Unknown/No Extension
photo_final_911.sh,sh,31298361,Executables
VIDEO_01_912.xlsx,xlsx,48855437,Spreadsheets
UNTITLED_913,,38816843,Unknown/No Extension
photo_final_914.csv,csv,41259267,Spreadsheets
Sample_media_915.go,go,14059341,Code Files
BACKUP_ARCHIVE_916.wav,wav,46608753,Audio
NOTES_BACKUP_917.mp4,mp4,20139750,Video
Assignment_prod_918.json,json,30715081,System/Config
backup_test_919.pptx,pptx,35608548,Presentations
PHOTO_V1_920_old.sql,sql,35146906,Database Files
assignment_v1_921.ts,ts,21914145,Code Files
SETUP_BACKUP_922.odt,odt,20780649,Documents
project_copy_923.ini,ini,40139801,System/Config
backup_test_924.ppt,ppt,29645563,Presentations
work_2023_925.gif,gif,47458128,Images
User_drat_926.txt,txt,17424120,Documents
newfile_927,,21612584,Unknown/No Extension
video_final_928.tar,tar,38242672,Compressed/Archives
photo_v1_929.gz,gz,41710661,Compressed/Archives
project_draft_930.yml,yml,17617099,Video
Music_temp_931.sql,sql,20924192,Images
HOLIDAY_COPY_932.exe,exe,30938763,Executables
Music_2023_933_new.msi,msi,17341189,Executables
config_temp_934.sqlite,sqlite,39380727,Database Files
MUSIC_TEMP_935.mkv,mkv,26147752,Video
Backup_prod_936.odt,odt,5834499,Documents
Newfile_937,,10886432,Unknown/No Extension
untitled_938,,216541,Unknown/No Extension
photo_log_939.accdb,accdb,14759864,Database Files
PHOTO_FINAL_940.odt,odt,22821833,Documents
music_2023_941_new.mp3,mp3,28638829,Audio
datafile_942,zzz,49825212,Unknown/No Extension
BACKUP_2023_943.tar,tar,17286697,Compressed/Archives
PHOTO_LOG_944.ods,ods,27320255,Spreadsheets
UTITLED_945,,35535490,Unknown/No Extension
ASSIGNMENT_TEMP_946.db3,db3,25684977,Compressed/Archives
video_copy_947~.avi,avi,39441040,Video
work_v1_948.app,app,9672847,Executables
MUSIC_BACKUP_949.ts,ts,37288470,Code Files
music_temp_950.bin,bin,24055357,Executables
setup_copy_951-.exe,exe,3526846,Executables
Setup_v1_952.db,db,1802939,Database Files
MUSI_TEMP_953-.aac,aac,31627584,Audio
assignment_copy_954.db,db,12904871,Database Files
Report_final_955.pptx,pptx,10858438,Presentations
notes_log_956.gif,gif,46024672,Images
video_archive_957.webp,webp,33566095,Images
Music_01_958.bmp,bmp,38962389,Images
Holiday_draft_959.wmv,wmv,14589463,Video
Video_log_960.tiff,tiff,14642230,Images
Holiday_test_961.gz,gz,46817507,Compressed/Archives
TEMPFILE_962,,15740920,Unknown/No Extension
DATAFILE_963,,33946249,Unknown/No Extension
user_final_964.cs,cs,40221275,Code Files
notes_media_965.xlsx,xlsx,33538691,Spreadsheets
user_media_966_new.docx,docx,22487715,Documents
setup_01_967.accdb,accdb,48009653,Database Files
assignment_log_968.webp,webp,14507616,Images
Holiday_log_969.toml,toml,9131791,System/Config
notes_prod_970.flac,flac,37536182,Audio
work_2023_971.aac,aac,18289820,Executables
newfile_972,,33048861,Unknown/No Extension
USER_TEMP_973.tar,tar,21003511,Compressed/Archives
music_v1_974.odp,odp,3528110,Presentations
sample_prod_975.odp,odp,28810287,Presentations
Work_daft_976.cs,cs,18619171,Code Files
sample_prod_977.py,py,19561358,Code Files
Work_media_978.bin,bin,14927694,Executables
assinment_temp_979.ppt,ppt,8188376,Presentations
work_v1_980.bin,bin,30801450,Executables
Backup_023_981.conf,conf,4864735,System/Config
holiday_test_982.bat,bat,24500605,Executables
Photo_test983.cfg,cfg,23385589,System/Config
Setup_archive_984.svg,svg,24431005,Images
holiday_2023_985.odp,odp,46208447,Presentations
SAMPLE_TEST_986.accdb,accdb,29242066,Database Files
USIC_PROD_987.php,php,46351101,Code Files
randomfile_988,,8626646,Unknown/No Extension
BACKUP_V1_989.sys,sys,3577090,System/Config
SAMPLE_BACKUP_990.odt,odt,31517001,Documents
Holiday_final_991.sys,sys,7695711,System/Config
Backup_backup_992.sql,sql,35654667,Database Files
Backup_temp_993.aac,aac,8300701,Audio
SETUP_ARCHIVE_994.gz,gz,27820036,Compressed/Archives
BACKUP_MEDIA_995.yml,yml,27068895,System/Config
video_v1_996.sqlite,sqlite,10930387,Database Files
project_temp_997.yml,yml,18841136,System/Config
NOTES_TEMP_998.exe,exe,22661295,Executables
RANDOMFILE_999,,35963658,Unknown/No Extension
sample_temp_1000.key,key,6365750,Presentations
radomfile_1001,,21612577,Unknown/No Extension
WORK_ARCHIVE_1002.key,key,34707103,Presentations
SAMPLE_FINAL_1003.wav,wav,17498007,Audio
ASSIGNMENT_LOG_1004.png,png,14618230,Images
notes_temp_1005.cpp,cpp,46872942,Code Files
HOLIDAY_DRAFT_1006.go,go,15588161,Code Files
SAMPLE_TEMP_1007.rar,rar,24223298,Compressed/Archives
sample_copy_1008_old.ogg,ogg,5318073,Audio
Config_test_1009.js,js,37677049,Code Files
Work_temp_1010.pptx,pptx,24170954,Presentations
report_01_1011.json,json,26939559,System/Config
Tempfile_1012,,28556195,Unknown/No Extension
UNTITLED_1013~,,16785352,Unknown/No Extension
BACKUP_FINAL_1014.avi,avi,17992369,Video
SAMPLE_DRAFT_1015.odt,odt,33465500,Documents
SAMPLE_PROD_1016.rtf,rtf,34037671,Documents
unitled_1017,xyz,35237660,Unknown/No Extension
Report_archive_1018.ogg,ogg,45155577,Audio
project_archive_1019.sh,sh,35544320,Executables
PHOTO_TEMP_1020.php,php,30735080,Code Files
sample_prod_1021.mov,mov,16493272,Video
Assignment_backup_1022.ppt,ppt,10863071,Presentations
report_203_1023.app,app,27576468,Executables
music_log_1024.toml,toml,15136191,System/Config
backup_log_1025_old.bin,bin,15900096,Executables
SAMPLE_V1_1026.key,key,30373222,Code Files
TEMPFILE_1027_new,abc,16010029,Unknown/No Extension
PROJECT_MEDIA_1028.bmp,bmp,30734471,Images
photo_archive_1029.db,db,908667,Database Files
setup_011030.db,db,35067593,Database Files
project_v1_1031.rar,rar,19474194,Compressed/Archives
ASSIGNMENT_ARCHIVE_1032~.tar,tar,3848694,Compressed/Archives
NOTES_LOG_1033.jpeg,jpeg,9724663,Images
video_test_1034.docx,docx,35028802,Documents
Backup_final_1035.xls,xls,35719324,Spreadsheets
assignment_copy_1036.xls,xls,49341803,Spreadsheets
WORK_ARCHIVE_1037.sys,sys,6684568,System/Config
TEMPFILE_1038,tmp,44918521,Unknown/No Extension
config_prod_1039.txt,txt,47630173,Documents
Sample_test_1040.json,json,7498356,System/Config
Holiday_draft_1041.mp4,mp4,5693598,Video
BACKUP_DRAFT_1042.json,json,43725265,Presentations
SAMPLE_LOG_1043.csv,csv,5429620,Spreadsheets
report_01_1044.svg,svg,43933902,Images
photo_test_1045.wmv,wmv,28029196,Video
video_draft_1046.xls,xls,22581882,Spreadsheets
assignment_archive_1047.yml,yml,22698564,System/Config
notes_v1_1048.sqlite,sqlite,2552538,Documents
untitled_1049,,18065998,Unknown/No Extension
Randomfile_1050,xyz,6485229,Unknown/No Extension
Video_temp_1051.xlsx,xlsx,30050567,Spreadsheets
HOLIDAY_COPY_1052.tar,tar,92136,Compressed/Archives
untitled_1053_old,abc,42566461,Unknown/No Extension
RANDOMFILE_1054,zzz,7163604,Unknown/No Extension
music_draft_1055.tar,tar,360423,Compressed/Archives
Report_archive_1056.ods,ods,25782168,Spreadsheets
photo_prod_1057.xlsx,xlsx,46830325,Spreadsheets
notes_copy_1058.odp,odp,44084595,Presentations
work_log_1059.mov,mov,21273089,Video
config_lo_1060.rar,rar,48614546,Compressed/Archives
setup_v1_1061.avi,avi,22477555,Compressed/Archives
asignment_v1_1062.html,html,30494574,Code Files
photo_archive_1063.cpp,cpp,1991976,Code Files
USER_COPY_1064_old.bz2,bz2,30295750,Compressed/Archives
Setup_log_1065.java,java,35217969,Code Files
MUSIC_ARCHIVE_1066.ods,ods,43264881,Spreadsheets
setup_v1_1067_new.bmp,bmp,37735553,Images
Backup_draft_1068~.7z,7z,45198482,Compressed/Archives
config_copy_1069.key,key,18655075,Presentations
untitld_1070,,49232617,Unknown/No Extension
sample_v1_1071.rar,rar,28404467,Compressed/Archives
photo_01_1072.png,png,11758749,Images
CONFIG_V1_1073.bz2,bz2,40297672,Compressed/Archives
Sample_copy_1074.docx,docx,43710324,Documents
user_backup_1075.app,app,4996395,Executables
user_prod_1076.sys,sys,36554466,System/Config
assignment_01_1077.gz,gz,33997841,Compressed/Archives
bakup_v1_1078.mdb,mdb,38175926,Database Files
MUSIC_TEST_1079.mov,mov,19728704,Video
BACKUP_FINAL_1080.bmp,bmp,9665723,Images
video_log_1081.rar,rar,13628687,Compressed/Archives
photo_2023_1082.zip,zip,32573237,Compressed/Archives
User_01_1083.ppt,ppt,41207180,Presentations
project_archive_1084.csv,csv,4904129,Spreadsheets
USER_EDIA_1085.bat,bat,25304369,Executables
work_temp_1086.sqlite,sqlite,35781591,Database Files
MUSIC_DRAFT_1087.xml,xml,49068305,System/Config
WORK_ARCHIVE_1088.sqlite,sqlite,9952736,Database Files
config_temp_1089.wav,wav,33610842,Audio
HOLIDAY_2023_1090.app,app,7365695,Executables
datafile_1091,zzz,37423074,Unknown/No Extension
Randomfile_1092,bak,469589,Unknown/No Extension
REPORT_LOG_1093.app,app,6277684,Executables
untitled_1094,,13835212,Unknown/No Extension
project_2023_1095.tar,tar,4427541,Compressed/Archives
photo_backup_1096.tiff,tiff,37975994,Images
config_archive_1097.mp3,mp3,34848267,Audio
Project_copy_1098.rar,rar,15464998,Compressed/Archives
Backup_archive_1099.bz2,bz2,47499438,Compressed/Archives
work_01_1100.gz,gz,28634897,Compressed/Archives
Assignment_final_111.xls,xls,24020208,Spreadsheets
Config_v1_102.odt,odt,15012652,Documents
backup_prod_1103.mp4,mp4,1651610,Video
notes_01_1104.xlsx,xlsx,161193,Spreadsheets
video_test_1105.bat,bat,43911964,Executables
WORK_V1_1106.go,go,33190137,Code Files
sample_copy_1107.json,json,33721386,System/Config
Setup_medi_1108.sqlite,sqlite,36397987,Database Files
Music_media_1109.rtf,rtf,14615813,Documents
music_prod_1110.db3,db3,36571427,Database Files
Sample_prod_1111.c,c,49805396,Video
randomfile_1112,,31686260,Unknown/No Extension
RPORT_FINAL_1113.webp,webp,47583848,Images
User_temp_1114.aac,aac,22759319,Audio
WORK_PROD_1115.mov,mov,29454017,Video
video_2023_1116.wav,wav,47631298,Audio
Notes_archive_1117.ppt,ppt,42667008,Presentations
config_01_1118.odp,odp,28114224,Presentations
notes_test_1119.log,log,22703366,System/Config
report_log_1120_new.odp,odp,20076817,Presentations
Sample_prod_1121_old.key,key,19865770,Audio
user_01_1122.flac,flac,17167944,Audio
music_draft_1123.csv,csv,11070968,Spreadsheets
Phot_draft_1124.mkv,mkv,916874,Video
NOTES_ARCHIVE_1125.php,php,46619176,Code Files
UNTITLED_1126,,35384165,Unknown/No Extension
Setup_temp_1127.svg,svg,23327331,Images
assinment_log_1128_new.sys,sys,12930836,System/Config
CONFIG_OPY_1129.flac,flac,5425596,Audio
user_media_1130.odp,odp,18253904,Presentations
Tempfile_1131,,31343102,Unknown/No Extension
PROJECT_LOG_1132.zip,zip,29367162,Compressed/Archives
REPORT_01_1133.svg,svg,7203112,Images
MUSIC_TEST_1134.bmp,bmp,15128522,Images
video_v1_1135.sh,sh,13130995,Executables
Backup_2023_1136.wmv,wmv,11161242,Video
VIDEO_ARCHIVE_1137.swift,swift,22042290,Code Files
WORK_DRAFT_1138.ods,ods,29523783,Code Files
WORK_2023_1139.docx,docx,14562091,Documents
Notes_log_1140-.mkv,mkv,43224283,Video
work_draft_1141.py,py,33932570,Code Files
notes_2023_1142.toml,toml,16393716,System/Config
HOLIDAY_ARCHIVE_1143.tar,tar,24280822,Compressed/Archives
HOLIDAY_2023_1144.mp4,mp4,11520504,Video
config_archive_1145_old.mp3,mp3,42251095,Audio
assignment_temp_1146.sys,sys,18434576,System/Config
USER_LG_1147.pdf,pdf,22476362,Documents
Sample_media_1148.odp,odp,18124091,Presentations
Project_backup_1149.xml,xml,9939369,System/Config
photo_v1_1150.ppt,ppt,21632787,Presentations
assignment_test_1151.xls,xls,19131867,Spreadsheets
config_01_1152.xml,xml,45396958,System/Config
user_archve_1153.md,md,3660521,Documents
music_temp_1154.ods,ods,35665090,Spreadsheets
HOLIDAY_2023_1155.xlsx,xlsx,37954241,Spreadsheets
tempfile_1156,zzz,39060311,Unknown/No Extension
REPORT_TEMP_1157.ppt,ppt,18258062,Presentations
USER_MEDIA_1158.pdf,pdf,28348536,Documents
work_backup_1159.bz2,bz2,33676098,Compressed/Archives
MUSIC_MEDIA_1160.toml,toml,19780846,System/Config
NEWFILE_1161,,46183766,Unknown/No Extension
video_2023_1162.rb,rb,46411642,Code Files
Project_draft_1163.mp3,mp3,45818615,Audio
notes_final_1164.svg,svg,8309441,Images
assignment_draft_1165.wav,wav,29495266,Audio
backup_backup_1166.wav,wav,20707058,Audio
project_archive_1167.jpg,jpg,29473710,Images
BACKUP_BACKUP_1168.xlsx,xlsx,42622431,Spreadsheets
BACKUP_2023_1169.pptx,pptx,42102361,Presentations
assignment_01_1170~.swift,swift,47010586,Images
setup_01_1171.wav,wav,10233763,Audio
report_final_1172.sh,sh,35646503,Executables
sample_media1173.sh,sh,35120067,Executables
SAMPLE_01_1174.mkv,mkv,38944445,Video
Report_archive_1175.key,key,12140089,Presentations
music_test_1176-.json,json,32595786,System/Config
report_v1_1177.jpg,jpg,37876863,Images
Work_0_1178.odp,odp,34511004,Presentations
Backup_2023_1179.pdf,pdf,4875913,Documents
PROJECT_BACKUP_1180.tiff,tiff,17282818,Images
newfile_1181,,7312888,Unknown/No Extension
REPORT_TEMP_1182.mkv,mkv,31390520,Video
Report_draft_1183.sqlite,sqlite,5020123,Database Files
config_log_1184.odp,odp,47390459,Presentations
PROJECT_BACKUP_1185.sql,sql,40757310,Database Files
user_01_1186~.key,key,46686843,Presentations
VIDEO_01_1187.wav,wav,9602065,Audio
VIDEO_COPY_1188~.xlsx,xlsx,52280,Spreadsheets
ETUP_ARCHIVE_1189.wmv,wmv,31365461,Video
untitled_1190,,38001104,Unknown/No Extension
CONFIG_MEIA_1191.7z,7z,19765361,Compressed/Archives
DATAFILE_1192-,abc,38348392,Unknown/No Extension
music_archive_1193.xls,xls,45088486,Spreadsheets
video_prod_1194.ppt,ppt,34578081,System/Config
user_test_1195.ods,ods,27527039,Spreadsheets
music_01_1196.doc,doc,5239327,Documents
holiday_01_1197.go,go,20414083,Code Files
photo_v1_1198.svg,svg,14292883,Images
holiday_prod_1199.wav,wav,2118184,Audio
OTES_2023_1200-.db3,db3,31957024,Database Files
Untitle_1201,,24299738,Unknown/No Extension
NEWFILE_1202,,44075529,Unknown/No Extension
BACKUP_LOG_1203.png,png,46954355,Images
PROJECT_DRAFT_1204.key,key,34607591,Presentations
Report_prod_1205.msi,msi,22712048,Executables
RANDOMFILE_1206,abc,46977302,Unknown/No Extension
Report_draft_207.avi,avi,10587381,Video
PHOTO_TEMP_1208.md,md,38353554,Documents
REPORT_MEDIA_1209.doc,doc,18937207,Documents
report_2023_1210.doc,doc,27334104,Documents
photo_test_1211.doc,doc,10956546,Documents
notes_media_1212.avi,avi,2144601,Video
Notes_01_1213.wav,wav,42430316,Audio
NOTES_FINAL_1214.rb,rb,21305212,Code Files
notes_backup_1215.mov,mov,22010581,Video
project_test_1216.yml,yml,34446452,System/Config
REPORT_ARCHIVE_1217_old.sqlite,sqlite,31586351,Database Files
Notes_draft_1218.msi,msi,19488425,Executables
project_2023_129.svg,svg,4335670,Images
config_final_1220.csv,csv,48395300,Spreadsheets
HOLIDAY_PROD_1221_new.mkv,mkv,17112832,Video
datafile_1222-,,6839138,Unknown/No Extension
notes_prod_1223.mkv,mkv,49302127,Video
Assignment_log_1224_new.ods,ods,31946014,Spreadsheets
MUSICLOG_1225.ppt,ppt,22200738,Presentations
PHOTO_2023_1226.wmv,wmv,38079036,Video
music_draft_1227.wav,wav,14326136,Audio
work_test_1228.ppt,ppt,31218524,Presentations
report_copy_1229.exe,exe,49444307,Executables
WOK_01_1230_old.sql,sql,47927771,Database Files
PROJECT_PROD_1231.mkv,mkv,42601164,Unknown/No Extension
datafile_1232,,49091028,Unknown/No Extension
config_backup_1233.rtf,rtf,15543480,Documents
user_20231234.odp,odp,30997841,Presentations
project_copy_1235_old.cpp,cpp,13681557,Code Files
User_backup_1236.sys,sys,42180601,System/Config
setup_test_1237.txt,txt,37118565,Documents
user_draft_1238_new.java,java,33561871,Code Files
UNTITLED_1239,,18712389,Unknown/No Extension
notes_copy_1240.msi,msi,482056,Executables
project_01_1241.pptx,pptx,10015256,Presentations
assignment_archive_1242.ini,ini,44624537,System/Config
CONFIG_BACKUP_1243.mp3,mp3,24935244,Audio
SAMPLE_MEDIA_1244.avi,avi,21047546,Video
sample_log_1245.ppt,ppt,4815757,Presentations
randomfile_1246,zzz,46920426,Unknown/No Extension
Notes_final_1247~.exe,exe,24347110,Executables
musi_01_1248.xls,xls,20440175,Spreadsheets
config_backup_1249.csv,csv,36804510,Compressed/Archives
Photo_01_1250.xlsx,xlsx,3300441,Spreadsheets
photo_draft_1251.wmv,wmv,13008166,Video
config_archive_1252.json,json,4032706,System/Config
video_01_1253.cfg,cfg,17043795,System/Config
Report_archive_1254.jpeg,jpeg,7659373,Images
setup_log_1255.rb,rb,26721511,Code Files
setup_2023_1256.rar,rar,15308865,Compressed/Archives
project_log_1257.conf,conf,829922,System/Config
User_draft_1258.wmv,wmv,48531190,Video
config_copy_1259.mp4,mp4,43869145,Video
Cofig_01_1260.bmp,bmp,14862228,Compressed/Archives
holiday_backup_1261.bat,bat,48284206,Executables
USER_01_1262.js,js,31732581,Code Files
report_archive_1263.aac,aac,8985990,Audio
backup_temp_1264.ppt,ppt,1947086,Presentations
NOTES_DRAFT_1265.mp3,mp3,15143488,Audio
notes_temp_1266.cfg,cfg,1195870,System/Config
Project_media_1267.flac,flac,2629131,Audio
Photo_coy_1268.mov,mov,2964497,Video
sample_archive_1269.xls,xls,17282289,Spreadsheets
photo_test_1270.aac,aac,43570881,Audio
sample_v1_1271.md,md,23674530,Documents
PHOTO_MEDIA_1272.db,db,12688977,Database Files
NEWFILE_1273,,14549314,Unknown/No Extension
Work_copy_1274.ogg,ogg,17299138,Audio
assignment_temp_1275.md,md,42525376,Documents
Report_v1_1276.zip,zip,16177915,System/Config
BACKUP_PROD_1277.odp,odp,8992799,Presentations
notes_prod_1278.bmp,bmp,9747646,Images
Music_2023_1279_old.mov,mov,44607822,Database Files
PROJECT_LOG_1280.pptx,pptx,39853043,Presentations
backup_copy_1281_old.md,md,10896060,Documents
randomfile_1282,,28851171,Unknown/No Extension
User_test_1283.css,css,29212944,Code Files
Photo_prod_1284.svg,svg,47756874,Audio
UNTITLED_1285,,8503463,Unknown/No Extension
project_archive_1286.wav,wav,16754675,Images
assignment_archive_1287.ogg,ogg,47604123,Audio
datafile_1288,,17961826,Unknown/No Extension
ASSIGNMENT_COPY_1289.css,css,44504919,Code Files
Newfile_1290,,41021934,Unknown/No Extension
photo_archive_1291.log,log,37989085,System/Config
tempfile_1292,xyz,23363261,Unknown/No Extension
project_archive_1293.png,png,18907910,Images
Holiday_draft_1294_new.yml,yml,22161650,System/Config
assignment_prod_1295.rtf,rtf,36667584,Documents
video_archive_1296_old.key,key,13344871,Presentations
photo_archive_1297.css,css,3611898,Code Files
Music_media_1298.key,key,13669572,Presentations
Setup_log_1299.tiff,tiff,5604728,Images
assignment_media_1300.7z,7z,20207776,Compressed/Archives
video_2023_101.wav,wav,30483807,Audio
notes_temp_1302_new.conf,conf,30803963,System/Config
User_pod_1303.ods,ods,38713270,Spreadsheets
setup_copy_1304.sys,sys,19977737,System/Config
PROJECT_DRAFT_1305.xls,xls,30360349,Spreadsheets
report_copy_1306.c,c,15581016,Code Files
PHOTO_PROD_1307.exe,exe,8277780,Executables
Unttled_1308,,27294583,Unknown/No Extension
user_01_1309.cpp,cpp,36486087,Code Files
Holiday_prod_1310.pptx,pptx,30326531,Presentations
Tempfile_1311_old,tmp,11328026,Unknown/No Extension
CONFIG_COPY_1312.cs,cs,15863469,Code Files
SETUP_LOG_1313.xml,xml,24965737,System/Config
Datafile_1314,bak,16763369,Unknown/No Extension
music_media_1315.cpp,cpp,20537959,Code Files
Video_01_316.pptx,pptx,17361177,Presentations
music_v1_1317.bmp,bmp,28536321,Images
musi_archive_1318_new.pptx,pptx,26559024,Presentations
report_01_1319.app,app,6578766,Executables
Notes_2023_1320.aac,aac,25496781,Audio
CONFIG_TEMP_1321.avi,avi,35053785,Video
NOTES_TEST_1322.svg,svg,37212795,Images
NOTES_TEST_1323_old.webp,webp,26186480,Images
holiday_test_1324.jpg,jpg,24219483,Images
backup_2023_1325_new.wmv,wmv,46987627,Video
project_final_1326.json,json,29703910,System/Config
music_2023_1327~.mp4,mp4,25209839,Video
HOLIDAY_TEST_1328.avi,avi,14772435,Video
Sample_test_1329.ods,ods,4210869,Spreadsheets
assignment_final_1330-.csv,csv,38511292,Spreadsheets
photo_copy_131.jpeg,jpeg,34142473,Images
backup_prod_1332.mkv,mkv,6042522,Video
USER_MEDIA_1333.pptx,pptx,30099453,Presentations
NOTES_PROD_1334.json,json,23099857,System/Config
project_01_1335.csv,csv,18102219,Spreadsheets
DATAFILE_1336,xyz,44230856,Unknown/No Extension
assignment_test_1337.odp,odp,29277956,Presentations
user_prod_1338.accdb,accdb,6148668,Database Files
DATAFILE_1339,zzz,44731367,Unknown/No Extension
MUSIC_COPY_1340.bz2,bz2,31145504,Compressed/Archives
notes_01_1341.db,db,43838825,Documents
project_temp_1342.yaml,yaml,43030151,System/Config
CONFIG_V1_1343.mp4,mp4,47657019,Video
holiday_draft_1344.db,db,35944155,Database Files
Holiday_v1_1345.py,py,44116373,Code Files
work_backup_1346.flac,flac,44213465,Audio
setup_v1_1347.csv,csv,49657053,Spreadsheets
setup_backup_1348_new.odt,odt,27487601,Documents
tempfile_1349,xyz,27654487,Unknown/No Extension
PHOTO_PROD_1350.sql,sql,32628268,Database Files
backup_01_1351.sqlite,sqlite,31085585,Database Files
holiday_temp_1352.db3,db3,26271556,Code Files
report_backup_1353.txt,txt,36400012,Documents
WORK_PROD_1354.msi,msi,7166715,Executables
Tempfile_1355,,47877748,Unknown/No Extension
holiday_final_136.key,key,38192346,Presentations
Makefile_1357,,40920622,Code Files
assignment_final_1358.doc,doc,22725701,Documents
Notes_medi_1359.gif,gif,10361667,Images
Assignment_log_1360.xlsx,xlsx,42886083,Spreadsheets
CONFIG_PROD_1361.gz,gz,17012371,Compressed/Archives
TEMPFILE_1362,,27636999,Unknown/No Extension
notes_media_163.py,py,49269958,Code Files
REPORT_2023_1364.accdb,accdb,19847704,Documents
project_temp_1365.py,py,33334356,Code Files
BACKUP_DRAFT_1366_new.apk,apk,9979450,Executables
user_test_1367.ogg,ogg,38482926,Audio
holiday_backup_1368.cfg,cfg,2817270,System/Config
Uer_draft_1369.avi,avi,23661798,Video
REPORT_FINAL_1370.gz,gz,38374342,Compressed/Archives
USER_MEDIA_1371.odt,odt,37080288,Documents
sample_01_1372.sh,sh,24565296,Executables
holiday_temp_1373.bin,bin,46855185,Executables
Sample_pod_1374.ppt,ppt,13093561,Presentations
PHOTO_BACKUP_1375.sql,sql,12007610,Database Files
sample_2023_1376.tiff,tiff,23030962,Images
work_media_1377.jpeg,jpeg,41303632,Presentations
ASSIGNMENT_LOG_1378.ods,ods,5639199,Spreadsheets
USER_TEMP_1379.zip,zip,49151873,Compressed/Archives
SAMPLE_DRAFT_1380-.bin,bin,16265104,Executables
WORK_LOG_1381.odp,odp,28563730,Presentations
MUSIC_MEDIA_1382.bz2,bz2,21133744,Compressed/Archives
work_temp_1383.pdf,pdf,7066378,Documents
assignment_01_1384.c,c,47049033,Code Files
Proect_prod_1385.cfg,cfg,26063694,System/Config
SETUP_V1_1386.jpg,jpg,47973196,Images
photo_prod_1387.yaml,yaml,5664604,System/Config
randomfile_1388,,22783475,Unknown/No Extension
backup_media_1389.cfg,cfg,36191912,System/Config
user_final_1390.wmv,wmv,31308377,Video
roject_temp_1391~.bmp,bmp,22322141,Images
VIDEO_COPY_1392.doc,doc,17008674,Documents
VIDEO_01_1393.sys,sys,48139465,System/Config
video_log_1394.xlsx,xlsx,6043331,Spreadsheets
Notes_temp_1395.avi,avi,10030187,Video
Setup_2023_1396.gz,gz,43004847,Compressed/Archives
video_prod_1397.apk,apk,28673234,Executables
PROJECT_MEDIA_1398.rar,rar,32352577,Compressed/Archives
sample_test_1399.msi,msi,10380279,Executables
Work_final_1400.bat,bat,40057708,Executables
PROJECT_01_1401.bat,bat,24331667,Executables
sample_01_1402.sql,sql,29215905,Database Files
Setup_backup_1403.ts,ts,24720998,Code Files
datafile_1404,,46624122,Unknown/No Extension
BACKUP_2023_1405_new.aac,aac,30532834,Audio
user_copy_1406.sqlite,sqlite,17671896,Unknown/No Extension
backup_copy_1407.odt,odt,6973687,Documents
nwfile_1408,,17892742,Unknown/No Extension
BACKUP_COPY_1409.mdb,mdb,44686341,Database Files
SAMPLE_BACKP_1410.tiff,tiff,21795428,Images
user_prod_1411.sys,sys,17946886,System/Config
video_prod_1412.js,js,39087894,Code Files
Backup_2023_1413.png,png,18045181,Images
config_01_1414.toml,toml,711286,System/Config
config_prod_1415.rar,rar,40183985,Compressed/Archives
Sample_copy_1416~.cpp,cpp,45193459,Code Files
music_2023_1417.png,png,47807123,Images
config_draft_1418.ppt,ppt,30216591,Presentations
user_copy_1419.7z,7z,9138895,Compressed/Archives
Backup_final_1420.mdb,mdb,49469426,Database Files
untitled_1421,,36974740,Unknown/No Extension
Datafile_1422,bak,39683925,Unknown/No Extension
Music_2023_1423.db,db,33942797,Database Files
User_draft_1424.msi,msi,27343256,Executables
untitled_1425,bak,5995010,Unknown/No Extension
photo_archive_1426.mkv,mkv,39606451,Compressed/Archives
notes_2023_1427.mov,mov,5294651,Video
usic_backup_1428.js,js,22918544,Code Files
MUSIC_TEST_1429.txt,txt,15938785,Documents
RANDOMFILE_1430,bak,4673380,Unknown/No Extension
Sample_final_1431.csv,csv,12394197,Spreadsheets
Video_archive_1432.jpeg,jpeg,11541341,Images
untitled_1433,,38428116,Unknown/No Extension
assignment_draft_1434.db,db,32280324,Presentations
report_01_1435.ogg,ogg,27899615,Audio
holiday_01_1436.conf,conf,145213,System/Config
UNTITLED_1437_new,,7284260,Unknown/No Extension
project_draft_1438.exe,exe,45056609,Executables
SETUP_PROD_1439.key,key,15068975,Presentations
user_draft_1440.bmp,bmp,42108760,Images
SAMPLE_PROD_1441.pptx,pptx,19545619,Presentations
SAMPLE_PROD_1442.txt,txt,20968941,Documents
sample_media_1443.css,css,14342433,Code Files
config_media_1444_old.mov,mov,7354100,Video
setup_prod_1445.app,app,16973534,Executables
project_v1_1446.mdb,mdb,7976101,Database Files
Report_2023_1447.pdf,pdf,14543708,Documents
Photo_backup1448.ods,ods,24090205,Spreadsheets
RANDOMFILE_1449,,37307696,Unknown/No Extension
NEWFILE_1450,,29979780,Unknown/No Extension
report_2023_1451.log,log,48016763,System/Config
Project_01_1452.tar,tar,45886184,Compressed/Archives
NOTES_TEMP_1453.bin,bin,13385478,Video
PHOTO_LOG_1454.db,db,19134710,Database Files
photo_v1_1455.bmp,bmp,49344911,Images
PHOTO_COPY_1456.mkv,mkv,43192598,Video
Config_final_1457.odp,odp,40114355,Presentations
video_backup_1458_old.ods,ods,23824008,Spreadsheets
notes_copy_1459.ogg,ogg,128087,Audio
DATAFILE_1460,,21631996,Unknown/No Extension
music_media_1461.xls,xls,48620387,Spreadsheets
MUSIC_TEMP_1462.csv,csv,5549294,Spreadsheets
Project_v1_1463_new.conf,conf,15230051,System/Config
randomfile_1464,,39492254,Unknown/No Extension
USER_BACKUP_1465_new.ods,ods,7316911,Spreadsheets
video_log_1466.json,json,43786857,System/Config
Report_temp_147.cs,cs,8943207,Code Files
music_media_1468.xls,xls,14558826,Spreadsheets
PROJECT_BACKUP_1469_old.webp,webp,29237260,Images
tempfile_1470,zzz,20968947,Unknown/No Extension
USER_MEDIA_1471.ini,ini,2856202,System/Config
USER_FINAL_1472.txt,txt,9136666,System/Config
TEMPFILE_1473,,572641,Unknown/No Extension
REPOR_01_1474.ods,ods,25362395,Spreadsheets
music_temp_1475.conf,conf,8229229,System/Config
video_log_1476.sqlite,sqlite,39025450,Database Files
ASSIGNMENT_ARCHIVE_1477.wmv,wmv,31407713,Video
datafile_1478,zzz,27446521,Unknown/No Extension
HOLIDAY_BACKUP_1479~.flac,flac,17615191,Audio
backup_log_1480.key,key,30671337,Presentations
Holiday_v1_1481.php,php,7389459,Code Files
setup_test_1482.mdb,mdb,12304529,Database Files
sample_draft_1483.rb,rb,41697319,Code Files
notes_temp_1484.mp3,mp3,34917042,Audio
datafile_1485,tmp,29587900,Unknown/No Extension
user_prod_1486.app,app,37284017,Executables
tempfile_1487,,36998853,Unknown/No Extension
Datafile_1488,zzz,44673670,Unknown/No Extension
Holiday_01_1489.jpg,jpg,7474487,Images
holiday_01_1490-.bz2,bz2,607106,Compressed/Archives
work_2023_1491.cpp,cpp,10928925,Code Files
config_archive_1492.mp3,mp3,47235161,Audio
holiday_prod_143.ppt,ppt,15795004,Presentations
WORK_TEMP_1494.webp,webp,11832734,Images
Work_final_1495_old.db,db,18716447,Images
Photo_test_1496.mdb,mdb,40952707,Database Files
project_prod_1497.jpeg,jpeg,38652612,Video
SAMPLE_ARCHIVE_1498.toml,toml,48549782,System/Config
VIDEO_BACKUP_1499.apk,apk,33388289,Executables
project_test_1500.key,key,48304016,Presentations
setup_test_1501.csv,csv,45056436,Spreadsheets
config_01_1502.doc,doc,33306129,Documents
SAMPLE_V1_1503.mov,mov,42527619,Video
music_temp_1504.gz,gz,31011270,Compressed/Archives
ASSIGNMENT_LOG_1505.toml,toml,49513392,System/Config
work_2023_1506.xlsx,xlsx,1900392,Spreadsheets
Report_prod_1507.php,php,36618662,Code Files
sample_draft_1508.wmv,wmv,949166,Video
config_2023_1509-.rb,rb,17669101,Code Files
CONFIG_COPY_1510.xlsx,xlsx,29656018,Spreadsheets
ASSIGNMENT_V1_1511.xls,xls,29023828,Spreadsheets
UNTITLED_1512~,zzz,19162780,Unknown/No Extension
Photo_archive_1513_new.wmv,wmv,10636111,Video
sample_archive_1514.doc,doc,35914124,Documents
assignment_log_1515.tar,tar,40167605,Compressed/Archives
BACKUP_LOG_1516~.key,key,29423066,Presentations
Report_prod_1517.zip,zip,14245076,Compressed/Archives
photo_tem_1518_old.rtf,rtf,33671242,Documents
datafile_1519,abc,40975771,Unknown/No Extension
holiday_archive_1520.mp4,mp4,3269326,Video
music_test_1521.db3,db3,8932790,Database Files
Config_copy_1522.ogg,ogg,37186939,Audio
datafile_1523,,32206321,Unknown/No Extension
project_01_1524.xlsx,xlsx,7442438,Spreadsheets
VIDEO_01_1525.csv,csv,33747391,Spreadsheets
USER_COPY_1526.odt,odt,16282732,Documents
report_temp_1527.gif,gif,36328946,Video
setup_copy_1528.swift,swift,43708890,Code Files
Backup_2023_1529.java,java,17446088,Code Files
atafile_1530,zzz,3238573,Unknown/No Extension
bakup_media_1531.bmp,bmp,33837847,Images
daafile_1532,,26546372,Unknown/No Extension
Assignment_log_1533.mdb,mdb,46400865,Database Files
tempfile_1534,xyz,48115501,Unknown/No Extension
Config_203_1535.mp4,mp4,5414652,Video
setup_copy_1536.png,png,47510267,Images
holiday_test_1537.mkv,mkv,4546587,Video
user_archive_1538~.avi,avi,27165525,Video
PROJECT_TEMP_1539.wmv,wmv,25878982,Video
sample_copy_1540.7z,7z,18920613,Compressed/Archives
User_2023_1541.gz,gz,47383263,Compressed/Archives
HOLIDAY_BACKUP_1542.bat,bat,45408121,Executables
REPORT_TEMP_1543.cs,cs,45366247,Code Files
SETUP_ARCHIVE_1544.php,php,14132275,Code Files
Work_log_1545.key,key,40513380,Presentations
CONFIG_2023_1546.mov,mov,46159006,Video
work_backup_1547.ods,ods,3716591,Spreadsheets
report_temp_1548.gz,gz,21782089,Compressed/Archives
music_01_1549.exe,exe,19309230,Executables
work_draft_1550.yaml,yaml,2992670,System/Config
CONFIG_01_1551.webp,webp,31175459,Audio
setup_test_1552.app,app,30796674,Executables
holiday_copy_1553.mp3,mp3,16411148,Audio
VIDO_ARCHIVE_1554.tiff,tiff,22706249,Images
VIDEO_ARCHIVE_1555.db,db,7386536,Database Files
Randomfile_1556-,,46302541,Unknown/No Extension
NOTES_V1_1557.bmp,bmp,46145645,Images
PROJECT_DRAFT_1558.xlsx,xlsx,21162539,Spreadsheets
Work_2023_1559.rtf,rtf,44113412,Documents
REPORT_2023_1560.odp,odp,32820612,Unknown/No Extension
sample_log_1561.ppt,ppt,28348969,Presentations
TEMPFILE_1562,,15505290,Unknown/No Extension
user_01_1563.tar,tar,2753764,Compressed/Archives
untitled_1564,bak,31651844,Unknown/No Extension
assignment_01_1565_new.ppt,ppt,31682241,Presentations
holiday_backup_1566.conf,conf,46919347,System/Config
ASSIGNMENT_TEST_1567.db3,db3,39017964,Executables
SETUP_ARCHIVE_1568.mp4,mp4,22078633,Video
MUSIC_PROD_1569.aac,aac,31026834,Audio
newfile_1570,,21660748,Unknown/No Extension
SETUP_PROD_1571.csv,csv,35963724,Spreadsheets
setup_log_1572_new.zip,zip,21249148,Compressed/Archives
sampl_v1_1573.wmv,wmv,9087212,Video
report_final_1574.log,log,47716792,System/Config
video_log_1575.ini,ini,4935771,System/Config
Backup_v1_1576.accdb,accdb,14636750,Database Files
photo_backup_1577-.pdf,pdf,36781407,Documents
wrk_media_1578.mp3,mp3,16745824,Audio
notes_prod_1579.rb,rb,2844748,Code Files
report_test_1580.mdb,mdb,13675861,Database Files
WORK_TEMP_1581.sh,sh,11081471,Executables
noes_test_1582.key,key,40265393,Presentations
assignment_draft_1583.rtf,rtf,27793260,Documents
CONFIG_ARCHIVE_1584-.accdb,accdb,44881306,Database Files
MUSIC_2023_1585.mp3,mp3,22803182,Audio
notes_archive_1586.bin,bin,24009481,Database Files
work_archive_1587.php,php,45724126,Code Files
Report_draft_158.ppt,ppt,33711151,Compressed/Archives
PROJECT_DRAFT_1589.conf,conf,16888345,System/Config
CONFIG_FINAL_1590-.md,md,44328108,Documents
Assignment_temp_1591.odt,odt,5040240,Documents
BACKUP_BACKUP_1592-.mkv,mkv,18655293,Video
sample_01_1593.docx,docx,6228733,Documents
Work_media_1594.txt,txt,9757789,Documents
datafile_1595,,38587264,Unknown/No Extension
photo_test_1596.xls,xls,44009953,Spreadsheets
USER_COPY_1597.wmv,wmv,36938610,Video
ASSIGNMENT_TEST_1598.mdb,mdb,22228581,Database Files
Setup_copy_1599.rb,rb,23225587,Code Files
Music_draft_1600.sqlite,sqlite,42025153,Database Files
Sample_prod_1601.bmp,bmp,20743885,Images
user_prod_1602.pptx,pptx,4590788,Presentations
video_backup_1603_new.accdb,accdb,47240113,Database Files
sample_archive_1604.sql,sql,44586460,Database Files
HOLIDAY_0_1605.apk,apk,11430533,Executables
Newfile_1606,xyz,10016021,Unknown/No Extension
backup_prod_1607.msi,msi,12729268,Executables
photo_01_1608.sys,sys,24390390,System/Config
Video_01_1609.jpeg,jpeg,40105185,Images
photo_backup_1610.rb,rb,36400558,Code Files
user_final_1611.php,php,35599897,Code Files
photo_copy_1612.db,db,1457620,Database Files
RANDOMFILE_1613,bak,1866683,Unknown/No Extension
RANDOMFILE_1614,,43145853,Unknown/No Extension
REPOT_DRAFT_1615.ini,ini,21542388,System/Config
tempfile_1616,,40499763,Unknown/No Extension
datafile_1617,xyz,28650095,Unknown/No Extension
Backup_copy_1618.odp,odp,37059401,Images
photo_copy_1619.jpeg,jpeg,3672764,Images
untitled_1620_new,,9516967,Unknown/No Extension
user_v1_1621.csv,csv,2288749,Spreadsheets
notes_copy_1622~.json,json,32378055,System/Config
photo_temp_1623.xlsx,xlsx,20128105,Spreadsheets
newfil_1624,xyz,46886471,Unknown/No Extension
config_media_1625.wav,wav,3916532,Audio
USR_LOG_1626.tar,tar,1511919,Compressed/Archives
User_test_1627.sql,sql,16823368,Database Files
photo_final_1628.yaml,yaml,49356459,System/Config
Assignment_copy_1629_old.doc,doc,25152719,Documents
MUSIC_COPY_1630.ods,ods,13588053,Spreadsheets
DATAFILE_1631,tmp,28309490,Unknown/No Extension
sample_log_1632.tiff,tiff,15726582,Images
CONIG_FINAL_1633.mov,mov,28013063,Video
project_temp_1634.log,log,29500538,System/Config
PHOTO_PROD_1635-.sqlite,sqlite,25462746,Database Files
project_final_1636.tiff,tiff,7563921,Images
USER_01_1637.toml,toml,35483816,System/Config
newfile_1638,,37563314,Unknown/No Extension
Photo_01_1639.xlsx,xlsx,7134349,Spreadsheets
USER_COPY_1640.apk,apk,25297036,Executables
config_01_1641.wav,wav,6229470,Audio
BACKUP_PROD_1642.mov,mov,46764142,Video
NOTES_MEDIA_1643.php,php,31591194,Code Files
datafile_1644,,39989129,Unknown/No Extension
repor_01_1645.bin,bin,14799730,Executables
REPORT_COPY_1646.wav,wav,17258205,Compressed/Archives
video_media_1647.mov,mov,18553630,Video
Datafile_1648,,47076529,Unknown/No Extension
project_final_1649.go,go,38297167,Code Files
REPORT_LOG_1650.key,key,26226535,Presentations
Backup_copy_1651.bin,bin,1116670,Executables
SETUP_BACKUP_1652.db3,db3,8835850,Database Files
datafile_1653,bak,36503083,Unknown/No Extension
User_final_1654.mkv,mkv,11073641,Video
Backup_2023_1655.mov,mov,40020374,Video
config_v1_1656.aac,aac,5882856,Audio
project_v1_1657.ppt,ppt,7872108,Presentations
music_draft_1658_old.txt,txt,40073123,Documents
setup_prod_1659.wmv,wmv,13158425,Video
backup_draft_1660.sqlite,sqlite,39565998,Database Files
work_prod_1661.db3,db3,27356033,Database Files
RANDOMFILE_1662,,10531770,Unknown/No Extension
Music_draft_1663.pptx,pptx,32728307,Presentations
Newile_1664,,18284391,Unknown/No Extension
config_media_1665.db3,db3,40919013,Database Files
report_backup_1666.txt,txt,31000930,Documents
UNTITLED_1667,xyz,47962868,Unknown/No Extension
report_log_1668_old.key,key,18596890,Presentations
project_draft_1669_new.rtf,rtf,38043157,Documents
holiday_meia_1670.xls,xls,5235823,Spreadsheets
Work_temp_1671.mov,mov,13247610,Video
datafile_1672,xyz,28354820,Unknown/No Extension
Projet_copy_1673.bin,bin,44928123,Executables
Music_test_1674.gz,gz,27133098,Compressed/Archives
MUSIC_DRAFT_1675.mp4,mp4,4971546,Video
MUSIC_COPY_1676_old.mkv,mkv,9197374,Video
Notes_2023_1677.odt,odt,45131388,Documents
Music_copy_1678.bmp,bmp,24163062,Images
report_01_1679.key,key,8217065,Presentations
assignmet_copy_1680.zip,zip,7947603,Compressed/Archives
DATAFILE_1681,,24052262,Unknown/No Extension
datafile_1682_new,,24847942,Unknown/No Extension
WORK_LOG_1683.bz2,bz2,14740257,Compressed/Archives
datafile_1684,bak,23095708,Unknown/No Extension
confi_test_1685.gz,gz,47098088,Compressed/Archives
USER_TEMP_1686.db,db,15108840,Database Files
holiday_backup_1687.odp,odp,1414132,Presentations
photo_copy_1688.txt,txt,44490318,Documents
PHOTO_01_1689.webp,webp,39038950,Images
project_final_1690.sys,sys,27639223,System/Config
BACKUP_V1_1691.wav,wav,47619968,Audio
notes_test_1692.exe,exe,21003098,Executables
CONFIG_COPY_1693.odp,odp,40385321,Presentations
User_temp_1694.cpp,cpp,16168197,Code Files
Work_archive_1695.csv,csv,33297187,Spreadsheets
project_pod_1696.xlsx,xlsx,17388868,Spreadsheets
PROJECT_COPY_1697.aac,aac,5871836,Audio
config_archive_1698.tiff,tiff,4129714,Images
STUP_ARCHIVE_1699.sql,sql,14307823,Database Files
sample_v1_1700.md,md,38461554,Documents
photo_test_1701.rtf,rtf,3396902,Documents
SAMPLE_TEMP_1702_old.db3,db3,15449000,Database Files
work_test_1703.rar,rar,34944473,Compressed/Archives
music_temp_1704.xls,xls,16689741,Spreadsheets
work_log_1705.mkv,mkv,21259052,Executables
RANDOMFILE_1706,abc,43825635,Unknown/No Extension
Photo_draft_1707.mkv,mkv,26350845,Video
VIDEO_V1_708.jpeg,jpeg,49292326,Images
assignment_copy_1709.cfg,cfg,46917781,Video
WORK_ARCHIVE_1710.bz2,bz2,9674004,Compressed/Archives
REPORT_FINAL_1711.mp4,mp4,15315106,Documents
Holiday_archive_1712.sys,sys,45023535,System/Config
USER_2023_1713.db3,db3,38963747,Database Files
Use_2023_1714.apk,apk,20845031,Executables
project_backup_1715.xml,xml,46229558,System/Config
User_backup_1716.xls,xls,41630166,Spreadsheets
photo_prod_1717.txt,txt,27818168,Documents
report_2023_1718.db3,db3,24877791,Database Files
report_01_1719.ogg,ogg,23115458,Audio
video_temp_1720.avi,avi,18476180,Video
HOLIDAY_BACKUP_1721.odt,odt,21013408,Documents
SAMPLE_2023_1722.wmv,wmv,29553485,Video
randomfile_1723,,24077780,Unknown/No Extension
photo_01_1724~.cs,cs,28425329,Code Files
User_archive_1725-.xlsx,xlsx,4365993,Spreadsheets
work_backup_1726~.ogg,ogg,1334779,Audio
sampe_final_1727.ogg,ogg,13606827,Audio
Randomfile_1728,zzz,11759308,Unknown/No Extension
video_final_1729.swift,swift,45729673,Code Files
sample_copy_1730.ini,ini,1868768,System/Config
SETUP_V1_1731.odp,odp,44370518,Presentations
user_temp_1732.rar,rar,47366618,Compressed/Archives
sample_prod_1733_new.sql,sql,45178256,Database Files
video_archive_1734.db3,db3,47686154,Database Files
config_2023_1735.c,c,20820519,Code Files
config_test_1736.mp4,mp4,7528309,Video
CONFIG_LOG_1737.mov,mov,5935975,Video
holiday_backup_1738.key,key,7778785,Presentations
report_media_1739.xlsx,xlsx,47872720,Spreadsheets
holiday_01_1740.mp3,mp3,14007859,Audio
WORK_2023_1741.cfg,cfg,46106108,System/Config
nots_prod_1742.mkv,mkv,32118832,Video
PROJECT_PROD_1743.mp3,mp3,46228971,Audio
work_01_1744~.md,md,2346967,Documents
config_draft_1745.csv,csv,16719245,Spreadsheets
setup_log_1746.odp,odp,23105597,Presentations
PROJECT_2023_1747-.exe,exe,548955,Executables
Report_test_1748.7z,7z,25228023,Compressed/Archives
untitled_1749,zzz,38736401,Unknown/No Extension
work_v1_1750.sys,sys,15888914,System/Config
backup_01_1751.odt,odt,25367231,Documents
WORK_DRAFT_1752.rar,rar,17959712,Executables
config_draft_1753.bmp,bmp,21368311,Images
newfile_1754,bak,8723780,Unknown/No Extension
photo_copy_755.ini,ini,2926803,System/Config
notes_log_1756.docx,docx,27885734,Documents
backup_2023_1757.gz,gz,31193920,Compressed/Archives
Datafile_1758~,,26582962,Unknown/No Extension
WORK_ARCHIVE_1759_new.7z,7z,46077751,Compressed/Archives
sample_copy_1760.aac,aac,14851076,Audio
work_media1761.pptx,pptx,37891286,Presentations
PROJECT_LOG_1762.wmv,wmv,30866797,Video
project_test_1763.cfg,cfg,23712430,System/Config
Assignment_draft_1764.bz2,bz2,19324832,Compressed/Archives
holiday_temp_1765.yml,yml,16179178,System/Config
config_media_1766.sys,sys,41700441,System/Config
music_v1_1767.webp,webp,28668186,Images
project_archive_1768.sys,sys,44880439,System/Config
music_final_1769.ini,ini,5993341,System/Config
report_archive_1770.rar,rar,37212850,Compressed/Archives
music_01_171.sh,sh,48939114,Executables
BACKUP_PROD_1772.7z,7z,42656232,Compressed/Archives
RANDOMFILE_1773,,20281068,Unknown/No Extension
Holiday_final_1774.sys,sys,38248378,System/Config
Randomfile_1775,,44141735,Unknown/No Extension
photo_bakup_1776.gz,gz,6166248,Compressed/Archives
assignment_media_1777.mov,mov,9737084,Video
video_backu_1778.avi,avi,8671576,Video
user_log_1779.png,png,17040406,Images
Photo_media_1780.json,json,45189697,System/Config
Report_2023_1781.key,key,14292783,Presentations
Tempfile_1782,xyz,24835855,Unknown/No Extension
PROJECT_ARCHIVE_783.aac,aac,25469917,Audio
video_temp_1784.png,png,4776025,Images
photo_01_1785.ogg,ogg,10719428,Audio
REPORT_ARCHIVE_1786.bat,bat,44455690,Executables
Datafile_1787,,24233627,Unknown/No Extension
PROJECT_TEMP_1788.java,java,10798941,Code Files
Project_01_1789.accdb,accdb,4025021,Database Files
Project_final_1790.mp4,mp4,18871627,Video
seup_test_1791.log,log,30252139,System/Config
MUSIC_01_1792.ini,ini,4235764,System/Config
assignment_01_1793.wmv,wmv,30000190,Video
Project_final_1794.ogg,ogg,12226037,Audio
datafile_1795,xyz,39197772,Unknown/No Extension
randomfile_1796,,40068520,Unknown/No Extension
tempfile_1797_new,bak,48326195,Unknown/No Extension
Config_log_1798.wmv,wmv,1810272,Video
setup_inal_1799_old.odp,odp,46304403,Presentations
SAMPLE_BACKUP_1800.avi,avi,38787855,Video
Untitled_1801,tmp,47257572,Unknown/No Extension
backup_copy_1802.rtf,rtf,30482564,Documents
NOTES_LOG_1803.db,db,2035220,Database Files
work_temp_1804.key,key,3717795,Presentations
NEWFILE_1805,zzz,35651041,Unknown/No Extension
setup_copy_1806.ts,ts,28509907,Audio
report_01_1807.mkv,mkv,9518765,Video
assignment_temp_1808.aac,aac,17327314,Audio
SETUP_PROD1809.svg,svg,29400558,Images
conig_archive_1810.html,html,34631627,Code Files
Notes_copy_1811.tiff,tiff,31519136,Images
config_temp_1812.xml,xml,6605847,System/Config
sample_og_1813_new.mkv,mkv,2222300,Executables
setup_backup_1814.bz2,bz2,25131512,Compressed/Archives
Video_023_1815.txt,txt,8003189,Documents
WORK_ARCHIVE_1816.png,png,42226905,Images
CONFIG_PROD_1817-.avi,avi,26019362,Video
VIDEO_PROD_1818.tiff,tiff,40146716,Images
Tempfile_1819,tmp,18479834,Unknown/No Extension
holiday_2023_1820.xls,xls,40828417,Spreadsheets
Music_test_1821.bat,bat,26650549,Executables
holiday_01_1822.bat,bat,49491485,Executables
work_final_1823_new.accdb,accdb,20030796,Database Files
RNDOMFILE_1824,,25439979,Unknown/No Extension
NOTES_TEMP_1825.key,key,17011162,Presentations
sample_draft_1826.db,db,47623180,Database Files
randomfile_1827,abc,15805838,Unknown/No Extension
BACKUP_ARCHIVE_188.txt,txt,1139945,Documents
randomfile_1829,zzz,26076676,Unknown/No Extension
Config_prod_1830.sqlite,sqlite,20523132,Database Files
REPORT_ARCHIVE_1831.cpp,cpp,39270462,Video
Notes_backup_1832_old.mdb,mdb,27173920,Database Files
video_final_1833.apk,apk,16537740,Executables
ASSIGNMENT_BACKUP_1834.ppt,ppt,6130517,Presentations
Notes_media_1835.aac,aac,43836709,Audio
Sample_draft_1836-.xls,xls,31972707,Unknown/No Extension
backup_backup_1837.php,php,12078957,Compressed/Archives
config_final_1838.mp3,mp3,37093928,Audio
USER_MEDIA_1839.key,key,49586829,Presentations
Datafile_1840,,16424573,Unknown/No Extension
TEMPFILE_1841,bak,25933461,Unknown/No Extension
config_backup_1842.accdb,accdb,4272768,Database Files
MUSIC_TEST_1843.doc,doc,23290304,Documents
sample_final_1844.bat,bat,7986907,Executables
report_v1_1845.aac,aac,35791093,Audio
untitled_1846,,19649853,Unknown/No Extension
datafile_187,bak,27623273,Unknown/No Extension
config_01_1848.avi,avi,13730981,Video
BACKUP_FINAL_1849.pdf,pdf,31098880,Documents
randomfile_1850,,49035608,Unknown/No Extension
photo_v1_1851.bz2,bz2,7858801,Compressed/Archives
video_final_1852.tar,tar,42863311,Compressed/Archives
PHOTO_DRAFT_1853.db,db,24210488,Database Files
SAMPLE_TEST_1854.flac,flac,46058134,Audio
User_draft_1855.zip,zip,40920978,Compressed/Archives
BACKUP_ARCHIVE_1856.mp4,mp4,24758215,Video
PHOTO_MEDIA_1857.pptx,pptx,40647740,Presentations
Config_temp_1858~.cfg,cfg,44094483,Video
SAMPLE_LOG_1859.apk,apk,30374685,Executables
ample_log_1860.js,js,16393084,Code Files
Tempfile_1861,zzz,2217768,Unknown/No Extension
work_log_1862.jpg,jpg,15733747,Images
randomfile_1863-,,27479868,Unknown/No Extension
Config_01_1864.avi,avi,28557244,Video
sample_copy_1865.ts,ts,44312087,Code Files
backuparchive_1866.flac,flac,13967113,Audio
BACKUP_FINAL_1867.svg,svg,17872498,Images
Project_test_1868.gif,gif,2943174,Images
MUSC_TEST_1869.mdb,mdb,24253296,Database Files
notes_media_1870.aac,aac,4303149,Audio
project_draft_1871.rtf,rtf,23449527,Documents
SETUP_FINAL_1872.c,c,41790998,Code Files
holiday_copy_1873.mp4,mp4,46770696,Database Files
setup_og_1874_old.js,js,26639598,Code Files
DATAFILE_1875,bak,20825461,Unknown/No Extension
CONFIG_PROD_1876_old.xlsx,xlsx,20448800,Spreadsheets
WORK_2023_1877.xls,xls,13839729,Spreadsheets
datafile_1878,,42705827,Unknown/No Extension
HOLIDAY_01_1879.avi,avi,34262524,Video
PHOTO_2023_1880.rtf,rtf,46407896,Documents
work_media_1881.mdb,mdb,1703251,Database Files
backup_log_1882~.msi,msi,39407289,Executables
backup_v1_1883.gz,gz,42585717,Compressed/Archives
Untitled_1884_old,,1491740,Unknown/No Extension
report_prod_1885.cfg,cfg,28660809,System/Config
Config_backup_1886.apk,apk,29200983,Executables
notes_draft_1887.xml,xml,32995779,System/Config
newfile_1888,zzz,28375428,Unknown/No Extension
newile_1889,bak,31486694,Unknown/No Extension
Work_01_1890.yml,yml,41980828,System/Config
setup_test_1891.tar,tar,9865755,Compressed/Archives
WORK_01_1892.accdb,accdb,45426921,Database Files
holiday_backup_1893.yaml,yaml,6052942,System/Config
notes_log_1894.bat,bat,43763090,Executables
ASSIGNMENT_DRAFT_1895.ods,ods,47795771,Spreadsheets
randomfile_1896,,21004615,Unknown/No Extension
photo_test_1897.odt,odt,24534537,Documents
work_v1_1898.xlsx,xlsx,36160634,Code Files
user_draft_1899.tiff,tiff,34225755,Images
video_final_1900.mp3,mp3,10217435,Documents
untitled_1901,tmp,42682438,Unknown/No Extension
project_draft_1902.ods,ods,1160509,Spreadsheets
notes_2023_1903.xlsx,xlsx,47524677,Spreadsheets
PHOTO_V1_1904_new.bin,bin,36593036,Executables
tempfile_105,,48483048,Unknown/No Extension
CONFIG_TEMP_1906.sql,sql,14711028,Database Files
Newfile_1907,,6616103,Unknown/No Extension
setuptest_1908.sql,sql,18572877,Database Files
project_prod_1909_old.wav,wav,17972106,Audio
ASSIGNMENT_COPY_1910.bat,bat,8444975,Unknown/No Extension
PROJECT_MEDIA_1911_new.toml,toml,13195389,System/Config
Setup_test_1912.wav,wav,22458523,Audio
sample_copy_1913.bin,bin,2603002,Executables
untitled_1914,xyz,14676681,Unknown/No Extension
PHOTO_V1_1915.ppt,ppt,48778552,Presentations
HOLIDAY_BACKUP_1916.zip,zip,13554625,Compressed/Archives
Untitled_1917-,zzz,14103084,Unknown/No Extension
holiday_copy_1918_new.xlsx,xlsx,10536102,Spreadsheets
PHOTO_PROD_1919.ogg,ogg,14210724,Audio
work_test_1920.exe,exe,37911274,Executables
PROJEC_2023_1921.rtf,rtf,27871672,Documents
CONFIG_LOG_1922.ts,ts,41430810,Code Files
sample_draft_1923_new.mp3,mp3,45835544,Audio
backup_draft_1924.mp4,mp4,48158105,Video
Setup_log_1925.db3,db3,23945780,Database Files
setup_prod_1926.ppt,ppt,22575712,Presentations
tempfile_1927,abc,13553522,Unknown/No Extension
ASSIGNMENT_01_1928.doc,doc,19518816,Documents
notes_backup_1929.accdb,accdb,6132967,Database Files
ASSIGNMENT_TEST_1930.ts,ts,44344203,Database Files
VIDEO_ARCHIVE_1931.mkv,mkv,12908168,Audio
newfile_1932,abc,3868027,Unknown/No Extension
ASSIGNMENT_V1_1933.db,db,14201231,Database Files
HOLIDAY_PROD_1934.js,js,30704503,Code Files
Photo_temp_1935.wmv,wmv,36227052,Video
SETUP_011936.swift,swift,18880265,Code Files
WORK_TEMP1937.css,css,18359234,Code Files
video_01_1938.png,png,22213397,Images
photo_draft_1939.sys,sys,20618364,System/Config
UNTITLED_1940,,40379580,Unknown/No Extension
Projec_temp_1941.jpg,jpg,6331514,Images
Music_01_1942-.wmv,wmv,25294255,Video
backup_media_1943.zip,zip,6173614,Compressed/Archives
music_final_1944.html,html,30097106,Code Files
sample_backup_1945.aac,aac,25056910,Audio
user_archive_1946.mkv,mkv,42156545,Images
Bakup_test_1947.mov,mov,530385,Video
USER_MEDIA_1948-.rb,rb,23734838,Code Files
Sample_test_1949.mdb,mdb,17769928,Database Files
Assignment_draft_1950.app,app,3447488,Executables
photo_v1_1951.key,key,21692755,Presentations
TEMPFILE_1952~,,49492090,Unknown/No Extension
USER_DRAFT_1953.odp,odp,18641235,Presentations
assignmnt_2023_1954.sql,sql,35281502,Database Files
assignment_log_1955.exe,exe,41557285,Executables
Notes_test_1956.png,png,30555702,Images
Music_v1_1957.csv,csv,36431782,Spreadsheets
USER_MEDIA_1958.csv,csv,36444792,Spreadsheets
HOLIDAY_TEMP_1959.odp,odp,44328325,Presentations
Project_archive_1960.go,go,10568413,Code Files
PHOTO_TEST_1961.mkv,mkv,47994633,Video
project_test_1962.db,db,2832288,Database Files
work_media_1963.xlsx,xlsx,18339723,Spreadsheets
untitled_1964,,27717911,Unknown/No Extension
user_01_1965.svg,svg,43815597,Images
WORK_01_1966.swift,swift,19895147,Code Files
ASSIGNMENT_COPY_1967.toml,toml,2561610,System/Config
project_01_1968.jpeg,jpeg,537571,Images
Untitled_1969,,32040084,Unknown/No Extension
poject_draft_1970.flac,flac,29401379,Audio
User_temp_1971.bin,bin,5313750,Executables
HOLIDAY_2023_1972.docx,docx,38006140,Documents
user_prod_1973.rb,rb,29993911,Code Files
user_log_1974.aac,aac,43630943,Audio
USER_LOG_1975.mov,mov,7607138,Video
VIDEO_ARCHIVE_1976.js,js,31784808,Code Files
PHOTO_TEMP_1977.ods,ods,26758662,Spreadsheets
Holiday_temp_1978.cs,cs,40680797,Code Files
video_edia_1979.mov,mov,4523423,Video
Photo_backup_1980.db,db,4205274,Database Files
backup_temp_1981.zip,zip,41268705,Compressed/Archives
datafile_1982,,11697282,Unknown/No Extension
work_prod_1983.xls,xls,9428712,Spreadsheets
Backup_copy_1984.sqlite,sqlite,6380894,Database Files
backup_draft_1985.png,png,2038594,Images
newfile_1986,,14899749,Unknown/No Extension
backup_media_1987.key,key,18202224,Presentations
ample_2023_1988.wmv,wmv,19559189,Video
user_media_1989.mp4,mp4,36402407,Video
work_log_1990_old.rtf,rtf,31469182,Documents
REPORT_V1_1991.sh,sh,15142763,Executables
notes_copy_1992.mov,mov,38196597,Video
notes_archive_1993.css,css,26064893,Code Files
Sample_backup_1994.xlsx,xlsx,6984141,Compressed/Archives
video_archive_1995.js,js,39499545,Code Files
report_final_1996.webp,webp,45247785,Images
User_draft_1997.cpp,cpp,18050726,Code Files
datafile_1998,zzz,17025620,Unknown/No Extension
notes_v1_1999.exe,exe,20266554,Executables
